Year,Award,Category,Actor,Show,Won,
2020, 26th Annual Screen Actors Guild Awards, CAST IN A MOTION PICTURE,,BOMBSHELL,False,
2020, 26th Annual Screen Actors Guild Awards, CAST IN A MOTION PICTURE,,THE IRISHMAN,False,
2020, 26th Annual Screen Actors Guild Awards, CAST IN A MOTION PICTURE,,JOJO RABBIT,False,
2020, 26th Annual Screen Actors Guild Awards, CAST IN A MOTION PICTURE,,ONCE UPON A TIME...IN HOLLYWOOD,False,
2020, 26th Annual Screen Actors Guild Awards, CAST IN A MOTION PICTURE,,PARASITE,True,
2020, 26th Annual Screen Actors Guild Awards, FEMALE ACTOR IN A LEADING ROLE,CYNTHIA ERIVO,HARRIET,False,
2020, 26th Annual Screen Actors Guild Awards, FEMALE ACTOR IN A LEADING ROLE,SCARLETT JOHANSSON,MARRIAGE STORY,False,
2020, 26th Annual Screen Actors Guild Awards, FEMALE ACTOR IN A LEADING ROLE,LUPITA NYONG'O,US,False,
2020, 26th Annual Screen Actors Guild Awards, FEMALE ACTOR IN A LEADING ROLE,CHARLIZE THERON,BOMBSHELL,False,
2020, 26th Annual Screen Actors Guild Awards, FEMALE ACTOR IN A LEADING ROLE,REN??E ZELLWEGER,JUDY,True,
2020, 26th Annual Screen Actors Guild Awards, MALE ACTOR IN A LEADING ROLE,CHRISTIAN BALE,FORD V FERRARI,False,
2020, 26th Annual Screen Actors Guild Awards, MALE ACTOR IN A LEADING ROLE,LEONARDO DICAPRIO,ONCE UPON A TIME...IN HOLLYWOOD,False,
2020, 26th Annual Screen Actors Guild Awards, MALE ACTOR IN A LEADING ROLE,ADAM DRIVER,MARRIAGE STORY,False,
2020, 26th Annual Screen Actors Guild Awards, MALE ACTOR IN A LEADING ROLE,TARON EGERTON,ROCKETMAN,False,
2020, 26th Annual Screen Actors Guild Awards, MALE ACTOR IN A LEADING ROLE,JOAQUIN PHOENIX,JOKER,True,
2020, 26th Annual Screen Actors Guild Awards, FEMALE ACTOR IN A SUPPORTING ROLE,LAURA DERN,MARRIAGE STORY,True,
2020, 26th Annual Screen Actors Guild Awards, FEMALE ACTOR IN A SUPPORTING ROLE,SCARLETT JOHANSSON,JOJO RABBIT,False,
2020, 26th Annual Screen Actors Guild Awards, FEMALE ACTOR IN A SUPPORTING ROLE,NICOLE KIDMAN,BOMBSHELL,False,
2020, 26th Annual Screen Actors Guild Awards, FEMALE ACTOR IN A SUPPORTING ROLE,JENNIFER LOPEZ,HUSTLERS,False,
2020, 26th Annual Screen Actors Guild Awards, FEMALE ACTOR IN A SUPPORTING ROLE,MARGOT ROBBIE,BOMBSHELL,False,
2020, 26th Annual Screen Actors Guild Awards, MALE ACTOR IN A SUPPORTING ROLE,JAMIE FOXX,JUST MERCY,False,
2020, 26th Annual Screen Actors Guild Awards, MALE ACTOR IN A SUPPORTING ROLE,TOM HANKS,A BEAUTIFUL DAY IN THE NEIGHBORHOOD,False,
2020, 26th Annual Screen Actors Guild Awards, MALE ACTOR IN A SUPPORTING ROLE,AL PACINO,THE IRISHMAN,False,
2020, 26th Annual Screen Actors Guild Awards, MALE ACTOR IN A SUPPORTING ROLE,JOE PESCI,THE IRISHMAN,False,
2020, 26th Annual Screen Actors Guild Awards, MALE ACTOR IN A SUPPORTING ROLE,BRAD PITT,ONCE UPON A TIME...IN HOLLYWOOD,True,
2020, 26th Annual Screen Actors Guild Awards, ENSEMBLE IN A DRAMA SERIES,,BIG LITTLE LIES,False,
2020, 26th Annual Screen Actors Guild Awards, ENSEMBLE IN A DRAMA SERIES,,THE CROWN,True,
2020, 26th Annual Screen Actors Guild Awards, ENSEMBLE IN A DRAMA SERIES,,GAME OF THRONES,False,
2020, 26th Annual Screen Actors Guild Awards, ENSEMBLE IN A DRAMA SERIES,,THE HANDMAID'S TALE,False,
2020, 26th Annual Screen Actors Guild Awards, ENSEMBLE IN A DRAMA SERIES,,STRANGER THINGS,False,
2020, 26th Annual Screen Actors Guild Awards, FEMALE ACTOR IN A DRAMA SERIES,JENNIFER ANISTON,THE MORNING SHOW,True,
2020, 26th Annual Screen Actors Guild Awards, FEMALE ACTOR IN A DRAMA SERIES,HELENA BONHAM CARTER,THE CROWN,False,
2020, 26th Annual Screen Actors Guild Awards, FEMALE ACTOR IN A DRAMA SERIES,OLIVIA COLMAN,THE CROWN,False,
2020, 26th Annual Screen Actors Guild Awards, FEMALE ACTOR IN A DRAMA SERIES,JODIE COMER,KILLING EVE,False,
2020, 26th Annual Screen Actors Guild Awards, FEMALE ACTOR IN A DRAMA SERIES,ELISABETH MOSS,THE HANDMAID'S TALE,False,
2020, 26th Annual Screen Actors Guild Awards, MALE ACTOR IN A DRAMA SERIES,STERLING K. BROWN,THIS IS US,False,
2020, 26th Annual Screen Actors Guild Awards, MALE ACTOR IN A DRAMA SERIES,STEVE CARELL,THE MORNING SHOW,False,
2020, 26th Annual Screen Actors Guild Awards, MALE ACTOR IN A DRAMA SERIES,BILLY CRUDUP,THE MORNING SHOW,False,
2020, 26th Annual Screen Actors Guild Awards, MALE ACTOR IN A DRAMA SERIES,PETER DINKLAGE,GAME OF THRONES,True,
2020, 26th Annual Screen Actors Guild Awards, MALE ACTOR IN A DRAMA SERIES,DAVID HARBOUR,STRANGER THINGS,False,
2020, 26th Annual Screen Actors Guild Awards, ENSEMBLE IN A COMEDY SERIES,,BARRY,False,
2020, 26th Annual Screen Actors Guild Awards, ENSEMBLE IN A COMEDY SERIES,,FLEABAG,False,
2020, 26th Annual Screen Actors Guild Awards, ENSEMBLE IN A COMEDY SERIES,,THE KOMINSKY METHOD,False,
2020, 26th Annual Screen Actors Guild Awards, ENSEMBLE IN A COMEDY SERIES,,THE MARVELOUS MRS. MAISEL,True,
2020, 26th Annual Screen Actors Guild Awards, ENSEMBLE IN A COMEDY SERIES,,SCHITT'S CREEK,False,
2020, 26th Annual Screen Actors Guild Awards, FEMALE ACTOR IN A COMEDY SERIES,CHRISTINA APPLEGATE,DEAD TO ME,False,
2020, 26th Annual Screen Actors Guild Awards, FEMALE ACTOR IN A COMEDY SERIES,ALEX BORSTEIN,THE MARVELOUS MRS. MAISEL,False,
2020, 26th Annual Screen Actors Guild Awards, FEMALE ACTOR IN A COMEDY SERIES,RACHEL BROSNAHAN,THE MARVELOUS MRS. MAISEL,False,
2020, 26th Annual Screen Actors Guild Awards, FEMALE ACTOR IN A COMEDY SERIES,CATHERINE O'HARA,SCHITT'S CREEK,False,
2020, 26th Annual Screen Actors Guild Awards, FEMALE ACTOR IN A COMEDY SERIES,PHOEBE WALLER-BRIDGE,FLEABAG,True,
2020, 26th Annual Screen Actors Guild Awards, MALE ACTOR IN A COMEDY SERIES,ALAN ARKIN,THE KOMINSKY METHOD,False,
2020, 26th Annual Screen Actors Guild Awards, MALE ACTOR IN A COMEDY SERIES,MICHAEL DOUGLAS,THE KOMINSKY METHOD,False,
2020, 26th Annual Screen Actors Guild Awards, MALE ACTOR IN A COMEDY SERIES,BILL HADER,BARRY,False,
2020, 26th Annual Screen Actors Guild Awards, MALE ACTOR IN A COMEDY SERIES,ANDREW SCOTT,FLEABAG,False,
2020, 26th Annual Screen Actors Guild Awards, MALE ACTOR IN A COMEDY SERIES,TONY SHALHOUB,THE MARVELOUS MRS. MAISEL,True,
2020, 26th Annual Screen Actors Guild Awards, FEMALE ACTOR IN A TELEVISION MOVIE OR LIMITED SERIES,PATRICIA ARQUETTE,THE ACT,False,
2020, 26th Annual Screen Actors Guild Awards, FEMALE ACTOR IN A TELEVISION MOVIE OR LIMITED SERIES,TONI COLLETTE,UNBELIEVEABLE,False,
2020, 26th Annual Screen Actors Guild Awards, FEMALE ACTOR IN A TELEVISION MOVIE OR LIMITED SERIES,JOEY KING,THE ACT,False,
2020, 26th Annual Screen Actors Guild Awards, FEMALE ACTOR IN A TELEVISION MOVIE OR LIMITED SERIES,EMILY WATSON,CHERNOBYL,False,
2020, 26th Annual Screen Actors Guild Awards, FEMALE ACTOR IN A TELEVISION MOVIE OR LIMITED SERIES,MICHELLE WILLIAMS,FOSSE/VERDON,True,
2020, 26th Annual Screen Actors Guild Awards, MALE ACTOR IN A TELEVISION MOVIE OR LIMITED SERIES,MAHERSHALA ALI,TRUE DETECTIVE,False,
2020, 26th Annual Screen Actors Guild Awards, MALE ACTOR IN A TELEVISION MOVIE OR LIMITED SERIES,RUSSELL CROWE,THE LOUDEST VOICE,False,
2020, 26th Annual Screen Actors Guild Awards, MALE ACTOR IN A TELEVISION MOVIE OR LIMITED SERIES,JARED HARRIS,CHERNOBYL,False,
2020, 26th Annual Screen Actors Guild Awards, MALE ACTOR IN A TELEVISION MOVIE OR LIMITED SERIES,JHARREL JEROME,WHEN THEY SEE US,False,
2020, 26th Annual Screen Actors Guild Awards, MALE ACTOR IN A TELEVISION MOVIE OR LIMITED SERIES,SAM ROCKWELL,FOSSE/VERDON,True,
2020, 26th Annual Screen Actors Guild Awards, STUNT ENSEMBLE IN A MOTION PICTURE,,AVENGERS: ENDGAME,True,
2020, 26th Annual Screen Actors Guild Awards, STUNT ENSEMBLE IN A MOTION PICTURE,,FORD V FERRARI,False,
2020, 26th Annual Screen Actors Guild Awards, STUNT ENSEMBLE IN A MOTION PICTURE,,THE IRISHMAN,False,
2020, 26th Annual Screen Actors Guild Awards, STUNT ENSEMBLE IN A MOTION PICTURE,,JOKER,False,
2020, 26th Annual Screen Actors Guild Awards, STUNT ENSEMBLE IN A MOTION PICTURE,,ONCE UPON A TIME...IN HOLLYWOOD,False,
2020, 26th Annual Screen Actors Guild Awards, STUNT ENSEMBLE IN A COMEDY OR DRAMA SERIES,,GAME OF THRONES,True,
2020, 26th Annual Screen Actors Guild Awards, STUNT ENSEMBLE IN A COMEDY OR DRAMA SERIES,,GLOW,False,
2020, 26th Annual Screen Actors Guild Awards, STUNT ENSEMBLE IN A COMEDY OR DRAMA SERIES,,STRANGER THINGS,False,
2020, 26th Annual Screen Actors Guild Awards, STUNT ENSEMBLE IN A COMEDY OR DRAMA SERIES,,THE WALKING DEAD,False,
2020, 26th Annual Screen Actors Guild Awards, STUNT ENSEMBLE IN A COMEDY OR DRAMA SERIES,,WATCHMEN,False,
2019, 25th Annual,CAST IN A MOTION PICTURE,,A STAR IS BORN ,False,
2019, 25th Annual,CAST IN A MOTION PICTURE,ANDREW DICE CLAY,A STAR IS BORN ,False,
2019, 25th Annual,CAST IN A MOTION PICTURE,ANTHONY RAMOS,A STAR IS BORN,False,
2019, 25th Annual,CAST IN A MOTION PICTURE,BRADLEY COOPER,A STAR IS BORN ,False,
2019, 25th Annual,CAST IN A MOTION PICTURE,DAVE CHAPPELLE,A STAR IS BORN,False,
2019, 25th Annual,CAST IN A MOTION PICTURE,LADY GAGA,A STAR IS BORN ,False,
2019, 25th Annual,CAST IN A MOTION PICTURE,RAFI GAVRON,A STAR IS BORN ,False,
2019, 25th Annual,CAST IN A MOTION PICTURE,SAM ELLIOTT,A STAR IS BORN,False,
2019, 25th Annual,CAST IN A MOTION PICTURE,,BLACK PANTHER,True,
2019, 25th Annual,CAST IN A MOTION PICTURE,ANDY SERKIS ,BLACK PANTHER,True,
2019, 25th Annual,CAST IN A MOTION PICTURE,ANGELA BASSETT,BLACK PANTHER,True,
2019, 25th Annual,CAST IN A MOTION PICTURE,CHADWICK BOSEMAN,BLACK PANTHER,True,
2019, 25th Annual,CAST IN A MOTION PICTURE,DANAI GURIRA,BLACK PANTHER,True,
2019, 25th Annual,CAST IN A MOTION PICTURE,DANIEL KALUUYA,BLACK PANTHER,True,
2019, 25th Annual,CAST IN A MOTION PICTURE,FOREST  WHITAKER,BLACK PANTHER,True,
2019, 25th Annual,CAST IN A MOTION PICTURE,LETITIA WRIGHT,BLACK PANTHER,True,
2019, 25th Annual,CAST IN A MOTION PICTURE,LUPITA NYONG???O,BLACK PANTHER,True,
2019, 25th Annual,CAST IN A MOTION PICTURE,MARTIN FREEMAN,BLACK PANTHER,True,
2019, 25th Annual,CAST IN A MOTION PICTURE,MICHAEL B. JORDAN,BLACK PANTHER,True,
2019, 25th Annual,CAST IN A MOTION PICTURE,STERLING K. BROWN,BLACK PANTHER,True,
2019, 25th Annual,CAST IN A MOTION PICTURE,WINSTON DUKE,BLACK PANTHER,True,
2019, 25th Annual,CAST IN A MOTION PICTURE,,BLACKKKLANSMAN,False,
2019, 25th Annual,CAST IN A MOTION PICTURE,ADAM DRIVER,BLACKKKLANSMAN,False,
2019, 25th Annual,CAST IN A MOTION PICTURE,COREY HAWKINS,BLACKKKLANSMAN,False,
2019, 25th Annual,CAST IN A MOTION PICTURE,HARRY BELAFONTE,BLACKKKLANSMAN,False,
2019, 25th Annual,CAST IN A MOTION PICTURE,JOHN DAVID WASHINGTON,BLACKKKLANSMAN,False,
2019, 25th Annual,CAST IN A MOTION PICTURE,LAURA HARRIER,BLACKKKLANSMAN,False,
2019, 25th Annual,CAST IN A MOTION PICTURE,TOPHER GRACE,BLACKKKLANSMAN,False,
2019, 25th Annual,CAST IN A MOTION PICTURE,,BOHEMIAN RHAPSODY ,False,
2019, 25th Annual,CAST IN A MOTION PICTURE,AIDAN GILLEN,BOHEMIAN RHAPSODY ,False,
2019, 25th Annual,CAST IN A MOTION PICTURE,ALLEN LEECH,BOHEMIAN RHAPSODY,False,
2019, 25th Annual,CAST IN A MOTION PICTURE,BEN HARDY,BOHEMIAN RHAPSODY,False,
2019, 25th Annual,CAST IN A MOTION PICTURE,GWILYM LEE,BOHEMIAN RHAPSODY,False,
2019, 25th Annual,CAST IN A MOTION PICTURE,JOE MAZZELLO,BOHEMIAN RHAPSODY,False,
2019, 25th Annual,CAST IN A MOTION PICTURE,LUCY BOYNTON,BOHEMIAN RHAPSODY,False,
2019, 25th Annual,CAST IN A MOTION PICTURE,MIKE MYERS,BOHEMIAN RHAPSODY,False,
2019, 25th Annual,CAST IN A MOTION PICTURE,RAMI MALEK,BOHEMIAN RHAPSODY,False,
2019, 25th Annual,CAST IN A MOTION PICTURE,TOM HOLLANDER,BOHEMIAN RHAPSODY,False,
2019, 25th Annual,CAST IN A MOTION PICTURE,,CRAZY RICH ASIANS,False,
2019, 25th Annual,CAST IN A MOTION PICTURE, AWKWAFINA,CRAZY RICH ASIANS,False,
2019, 25th Annual,CAST IN A MOTION PICTURE,CONSTANCE WU,CRAZY RICH ASIANS,False,
2019, 25th Annual,CAST IN A MOTION PICTURE,GEMMA CHAN,CRAZY RICH ASIANS,False,
2019, 25th Annual,CAST IN A MOTION PICTURE,HENRY GOLDING,CRAZY RICH ASIANS,False,
2019, 25th Annual,CAST IN A MOTION PICTURE,KEN JEONG,CRAZY RICH ASIANS,False,
2019, 25th Annual,CAST IN A MOTION PICTURE,LISA LU,CRAZY RICH ASIANS,False,
2019, 25th Annual,CAST IN A MOTION PICTURE,MICHELLE YEOH,CRAZY RICH ASIANS,False,
2019, 25th Annual,ENSEMBLE IN A COMEDY SERIES,,ATLANTA,False,
2019, 25th Annual,ENSEMBLE IN A COMEDY SERIES,BRIAN TYREE HENRY,ATLANTA,False,
2019, 25th Annual,ENSEMBLE IN A COMEDY SERIES,DONALD GLOVER,ATLANTA,False,
2019, 25th Annual,ENSEMBLE IN A COMEDY SERIES,KHRIS DAVIS,ATLANTA,False,
2019, 25th Annual,ENSEMBLE IN A COMEDY SERIES,LAKEITH STANFIELD,ATLANTA,False,
2019, 25th Annual,ENSEMBLE IN A COMEDY SERIES,,BARRY,False,
2019, 25th Annual,ENSEMBLE IN A COMEDY SERIES,ALEJANDRO FURTH,BARRY,False,
2019, 25th Annual,ENSEMBLE IN A COMEDY SERIES,ANDY CAREY,BARRY,False,
2019, 25th Annual,ENSEMBLE IN A COMEDY SERIES,ANTHONY CARRIGAN,BARRY,False,
2019, 25th Annual,ENSEMBLE IN A COMEDY SERIES,BILL HADER,BARRY,False,
2019, 25th Annual,ENSEMBLE IN A COMEDY SERIES,D'ARCY CARDEN,BARRY,False,
2019, 25th Annual,ENSEMBLE IN A COMEDY SERIES,DARRELL BRITT GIBSON,BARRY,False,
2019, 25th Annual,ENSEMBLE IN A COMEDY SERIES,GLENN FLESHLER,BARRY,False,
2019, 25th Annual,ENSEMBLE IN A COMEDY SERIES,HENRY WINKLER ,BARRY,False,
2019, 25th Annual,ENSEMBLE IN A COMEDY SERIES,JOHN PIRRUCCELLO,BARRY,False,
2019, 25th Annual,ENSEMBLE IN A COMEDY SERIES,KIRBY HOWELL BAPTISTE,BARRY,False,
2019, 25th Annual,ENSEMBLE IN A COMEDY SERIES,PAULA NEWSOME,BARRY,False,
2019, 25th Annual,ENSEMBLE IN A COMEDY SERIES,RIGHTOR DOYLE,BARRY,False,
2019, 25th Annual,ENSEMBLE IN A COMEDY SERIES,SARAH GOLDBERG,BARRY,False,
2019, 25th Annual,ENSEMBLE IN A COMEDY SERIES,STEPHEN ROOT,BARRY,False,
2019, 25th Annual,ENSEMBLE IN A COMEDY SERIES,,GLOW,False,
2019, 25th Annual,ENSEMBLE IN A COMEDY SERIES,ALISON BRIE,GLOW,False,
2019, 25th Annual,ENSEMBLE IN A COMEDY SERIES,BASHIR SALAHUDDIN,GLOW,False,
2019, 25th Annual,ENSEMBLE IN A COMEDY SERIES,BETTY GILPIN,GLOW,False,
2019, 25th Annual,ENSEMBLE IN A COMEDY SERIES,BRITNEY YOUNG,GLOW,False,
2019, 25th Annual,ENSEMBLE IN A COMEDY SERIES,BRITT BARON,GLOW,False,
2019, 25th Annual,ENSEMBLE IN A COMEDY SERIES,CHRIS LOWELL,GLOW,False,
2019, 25th Annual,ENSEMBLE IN A COMEDY SERIES,ELLEN WONG,GLOW,False,
2019, 25th Annual,ENSEMBLE IN A COMEDY SERIES,GAYLE RANKIN,GLOW,False,
2019, 25th Annual,ENSEMBLE IN A COMEDY SERIES,JACKIE TOHN,GLOW,False,
2019, 25th Annual,ENSEMBLE IN A COMEDY SERIES,KATE NASH,GLOW,False,
2019, 25th Annual,ENSEMBLE IN A COMEDY SERIES,KIA STEVENS,GLOW,False,
2019, 25th Annual,ENSEMBLE IN A COMEDY SERIES,KIMMY GATEWOOD,GLOW,False,
2019, 25th Annual,ENSEMBLE IN A COMEDY SERIES,MARC MARON,GLOW,False,
2019, 25th Annual,ENSEMBLE IN A COMEDY SERIES,REBEKKA JOHNSON,GLOW,False,
2019, 25th Annual,ENSEMBLE IN A COMEDY SERIES,SHAKIRA BARRERA,GLOW,False,
2019, 25th Annual,ENSEMBLE IN A COMEDY SERIES,SUNITA MANI,GLOW,False,
2019, 25th Annual,ENSEMBLE IN A COMEDY SERIES,SYDELLE NOEL,GLOW,False,
2019, 25th Annual,ENSEMBLE IN A COMEDY SERIES,VICTOR QUINAZ,GLOW,False,
2019, 25th Annual,ENSEMBLE IN A COMEDY SERIES,WYATT NASH,GLOW,False,
2019, 25th Annual,ENSEMBLE IN A COMEDY SERIES,,THE KOMINSKY METHOD ,False,
2019, 25th Annual,ENSEMBLE IN A COMEDY SERIES,ALAN ARKIN,THE KOMINSKY METHOD ,False,
2019, 25th Annual,ENSEMBLE IN A COMEDY SERIES,ASHLEIGH LaTHROP,THE KOMINSKY METHOD,False,
2019, 25th Annual,ENSEMBLE IN A COMEDY SERIES,CASEY THOMAS BROWN,THE KOMINSKY METHOD,False,
2019, 25th Annual,ENSEMBLE IN A COMEDY SERIES,EMILY OSMENT,THE KOMINSKY METHOD,False,
2019, 25th Annual,ENSEMBLE IN A COMEDY SERIES,GRAHAM ROGERS,THE KOMINSKY METHOD,False,
2019, 25th Annual,ENSEMBLE IN A COMEDY SERIES,JENNA LYNG ADAMS,THE KOMINSKY METHOD ,False,
2019, 25th Annual,ENSEMBLE IN A COMEDY SERIES,MELISSA TANG,THE KOMINSKY METHOD,False,
2019, 25th Annual,ENSEMBLE IN A COMEDY SERIES,MICHAEL  DOUGLAS,THE KOMINSKY METHOD,False,
2019, 25th Annual,ENSEMBLE IN A COMEDY SERIES,NANCY TRAVIS,THE KOMINSKY METHOD,False,
2019, 25th Annual,ENSEMBLE IN A COMEDY SERIES,SARAH BAKER,THE KOMINSKY METHOD,False,
2019, 25th Annual,ENSEMBLE IN A COMEDY SERIES,SUSAN SULLIVAN,THE KOMINSKY METHOD,False,
2019, 25th Annual,ENSEMBLE IN A COMEDY SERIES,,THE MARVELOUS MRS. MAISEL,True,
2019, 25th Annual,ENSEMBLE IN A COMEDY SERIES,ALEX BORSTEIN,THE MARVELOUS MRS. MAISEL,True,
2019, 25th Annual,ENSEMBLE IN A COMEDY SERIES,BRIAN TARANTINA,THE MARVELOUS MRS. MAISEL,True,
2019, 25th Annual,ENSEMBLE IN A COMEDY SERIES,CAROLINE AARON,THE MARVELOUS MRS. MAISEL,True,
2019, 25th Annual,ENSEMBLE IN A COMEDY SERIES,KEVIN POLLAK,THE MARVELOUS MRS. MAISEL,True,
2019, 25th Annual,ENSEMBLE IN A COMEDY SERIES,MARIN HINKLE,THE MARVELOUS MRS. MAISEL,True,
2019, 25th Annual,ENSEMBLE IN A COMEDY SERIES,MICHAEL ZEGEN,THE MARVELOUS MRS. MAISEL,True,
2019, 25th Annual,ENSEMBLE IN A COMEDY SERIES,RACHEL BROSNAHAN,THE MARVELOUS MRS. MAISEL,True,
2019, 25th Annual,ENSEMBLE IN A COMEDY SERIES,TONY SHALHOUB,THE MARVELOUS MRS. MAISEL,True,
2019, 25th Annual,ENSEMBLE IN A COMEDY SERIES,ZACHARY LEVI,THE MARVELOUS MRS. MAISEL,True,
2019, 25th Annual,ENSEMBLE IN A DRAMA SERIES,,BETTER CALL SAUL,False,
2019, 25th Annual,ENSEMBLE IN A DRAMA SERIES,BOB ODENKIRK ,BETTER CALL SAUL,False,
2019, 25th Annual,ENSEMBLE IN A DRAMA SERIES,GIANCARLO ESPOSITO,BETTER CALL SAUL,False,
2019, 25th Annual,ENSEMBLE IN A DRAMA SERIES,JONATHAN BANKS,BETTER CALL SAUL,False,
2019, 25th Annual,ENSEMBLE IN A DRAMA SERIES,MICHAEL MANDO,BETTER CALL SAUL,False,
2019, 25th Annual,ENSEMBLE IN A DRAMA SERIES,RAINER BOCK,BETTER CALL SAUL,False,
2019, 25th Annual,ENSEMBLE IN A DRAMA SERIES,RAY CAMPBELL,BETTER CALL SAUL,False,
2019, 25th Annual,ENSEMBLE IN A DRAMA SERIES,RHEA SEEHORN,BETTER CALL SAUL,False,
2019, 25th Annual,ENSEMBLE IN A DRAMA SERIES,,OZARK,False,
2019, 25th Annual,ENSEMBLE IN A DRAMA SERIES,CARSON HOLMES,OZARK,False,
2019, 25th Annual,ENSEMBLE IN A DRAMA SERIES,CHARLIE TAHAN,OZARK,False,
2019, 25th Annual,ENSEMBLE IN A DRAMA SERIES,DARREN GOLDSTEIN,OZARK,False,
2019, 25th Annual,ENSEMBLE IN A DRAMA SERIES,HARRIS YULIN,OZARK,False,
2019, 25th Annual,ENSEMBLE IN A DRAMA SERIES,JANET MCTEER,OZARK,False,
2019, 25th Annual,ENSEMBLE IN A DRAMA SERIES,JASON BATEMAN ,OZARK,False,
2019, 25th Annual,ENSEMBLE IN A DRAMA SERIES,JASON BUTLER,OZARK,False,
2019, 25th Annual,ENSEMBLE IN A DRAMA SERIES,JORDANA SPIRO,OZARK,False,
2019, 25th Annual,ENSEMBLE IN A DRAMA SERIES,JULIA GARNER,OZARK,False,
2019, 25th Annual,ENSEMBLE IN A DRAMA SERIES,LAURA LINNEY,OZARK,False,
2019, 25th Annual,ENSEMBLE IN A DRAMA SERIES,LISA EMERY,OZARK,False,
2019, 25th Annual,ENSEMBLE IN A DRAMA SERIES,PETER MULLAN,OZARK,False,
2019, 25th Annual,ENSEMBLE IN A DRAMA SERIES,ROBERT TREVEILER,OZARK,False,
2019, 25th Annual,ENSEMBLE IN A DRAMA SERIES,SKYLAR GAERTNER,OZARK,False,
2019, 25th Annual,ENSEMBLE IN A DRAMA SERIES,SOFIA HUBLITZ,OZARK,False,
2019, 25th Annual,ENSEMBLE IN A DRAMA SERIES,TREVOR LONG,OZARK,False,
2019, 25th Annual,ENSEMBLE IN A DRAMA SERIES,,THE AMERICANS,False,
2019, 25th Annual,ENSEMBLE IN A DRAMA SERIES,ANTHONY ARKIN,THE AMERICANS,False,
2019, 25th Annual,ENSEMBLE IN A DRAMA SERIES,BRANDON J. DIRDEN,THE AMERICANS,False,
2019, 25th Annual,ENSEMBLE IN A DRAMA SERIES,COSTA RONIN,THE AMERICANS,False,
2019, 25th Annual,ENSEMBLE IN A DRAMA SERIES,HOLLY TAYLOR,THE AMERICANS,False,
2019, 25th Annual,ENSEMBLE IN A DRAMA SERIES,KEIDRICH SELLATI,THE AMERICANS,False,
2019, 25th Annual,ENSEMBLE IN A DRAMA SERIES,KERI RUSSELL,THE AMERICANS,False,
2019, 25th Annual,ENSEMBLE IN A DRAMA SERIES,LAURIE HOLDEN,THE AMERICANS,False,
2019, 25th Annual,ENSEMBLE IN A DRAMA SERIES,MARGO MARTINDALE,THE AMERICANS,False,
2019, 25th Annual,ENSEMBLE IN A DRAMA SERIES,MATTHEW RHYS,THE AMERICANS,False,
2019, 25th Annual,ENSEMBLE IN A DRAMA SERIES,MIRIAM SHOR,THE AMERICANS,False,
2019, 25th Annual,ENSEMBLE IN A DRAMA SERIES,NOAH EMMERICH,THE AMERICANS,False,
2019, 25th Annual,ENSEMBLE IN A DRAMA SERIES,SCOTT COHEN,THE AMERICANS,False,
2019, 25th Annual,ENSEMBLE IN A DRAMA SERIES,,THE HANDMAID'S TALE,False,
2019, 25th Annual,ENSEMBLE IN A DRAMA SERIES,ALEXIS BLEDEL,THE HANDMAID'S TALE,False,
2019, 25th Annual,ENSEMBLE IN A DRAMA SERIES,AMANDA BRUGEL,THE HANDMAID'S TALE,False,
2019, 25th Annual,ENSEMBLE IN A DRAMA SERIES,ANN DOWD,THE HANDMAID'S TALE,False,
2019, 25th Annual,ENSEMBLE IN A DRAMA SERIES,BAHIA WATSON,THE HANDMAID'S TALE,False,
2019, 25th Annual,ENSEMBLE IN A DRAMA SERIES,ELISABETH MOSS,THE HANDMAID'S TALE,False,
2019, 25th Annual,ENSEMBLE IN A DRAMA SERIES,JOSEPH FIENNES,THE HANDMAID'S TALE,False,
2019, 25th Annual,ENSEMBLE IN A DRAMA SERIES,MADELINE BREWER,THE HANDMAID'S TALE,False,
2019, 25th Annual,ENSEMBLE IN A DRAMA SERIES,MAX MINGHELLA,THE HANDMAID'S TALE,False,
2019, 25th Annual,ENSEMBLE IN A DRAMA SERIES,NINA KIRI,THE HANDMAID'S TALE,False,
2019, 25th Annual,ENSEMBLE IN A DRAMA SERIES,O-T FAGBENLE,THE HANDMAID'S TALE,False,
2019, 25th Annual,ENSEMBLE IN A DRAMA SERIES,SYDNEY SWEENEY,THE HANDMAID'S TALE,False,
2019, 25th Annual,ENSEMBLE IN A DRAMA SERIES,YVONNE STRAHOVSKI,THE HANDMAID'S TALE,False,
2019, 25th Annual,ENSEMBLE IN A DRAMA SERIES,,THIS IS US,True,
2019, 25th Annual,ENSEMBLE IN A DRAMA SERIES,CHRIS SULLIVAN,THIS IS US,True,
2019, 25th Annual,ENSEMBLE IN A DRAMA SERIES,CHRISSY METZ,THIS IS US,True,
2019, 25th Annual,ENSEMBLE IN A DRAMA SERIES,ERIS BAKER,THIS IS US,True,
2019, 25th Annual,ENSEMBLE IN A DRAMA SERIES,FAITHE HERMAN ,THIS IS US,True,
2019, 25th Annual,ENSEMBLE IN A DRAMA SERIES,HANNAH ZEILE,THIS IS US,True,
2019, 25th Annual,ENSEMBLE IN A DRAMA SERIES,JON HUERTAS,THIS IS US,True,
2019, 25th Annual,ENSEMBLE IN A DRAMA SERIES,JUSTIN HARTLEY,THIS IS US,True,
2019, 25th Annual,ENSEMBLE IN A DRAMA SERIES,LYRIC ROSS,THIS IS US,True,
2019, 25th Annual,ENSEMBLE IN A DRAMA SERIES,MACKENZIE HANCSICSAK,THIS IS US,True,
2019, 25th Annual,ENSEMBLE IN A DRAMA SERIES,MANDY MOORE,THIS IS US,True,
2019, 25th Annual,ENSEMBLE IN A DRAMA SERIES,MELANIE LIBURD,THIS IS US,True,
2019, 25th Annual,ENSEMBLE IN A DRAMA SERIES,MILO VENTIMIGLIA,THIS IS US,True,
2019, 25th Annual,ENSEMBLE IN A DRAMA SERIES,NILES FITCH,THIS IS US,False,
2019, 25th Annual,ENSEMBLE IN A DRAMA SERIES,STERLING K. BROWN,THIS IS US,True,
2019, 25th Annual,ENSEMBLE IN A DRAMA SERIES,SUSAN KELECHI WATSON,THIS IS US,True,
2019, 25th Annual,FEMALE IN A COMEDY SERIES,ALISON BRIE,GLOW,False,
2019, 25th Annual,FEMALE IN A COMEDY SERIES,JANE FONDA,GRACE AND FRANKIE,False,
2019, 25th Annual,FEMALE IN A COMEDY SERIES,LILY TOMLIN,GRACE AND FRANKIE,False,
2019, 25th Annual,FEMALE IN A COMEDY SERIES,ALEX BORSTEIN,THE MARVELOUS MRS. MAISEL,False,
2019, 25th Annual,FEMALE IN A COMEDY SERIES,RACHEL BROSNAHAN,THE MARVELOUS MRS. MAISEL,True,
2019, 25th Annual,FEMALE IN A DRAMA SERIES,ROBIN WRIGHT ,HOUSE OF CARDS,False,
2019, 25th Annual,FEMALE IN A DRAMA SERIES,SANDRA OH,KILLING EVE,True,
2019, 25th Annual,FEMALE IN A DRAMA SERIES,JULIA GARNER,OZARK,False,
2019, 25th Annual,FEMALE IN A DRAMA SERIES,LAURA LINNEY,OZARK,False,
2019, 25th Annual,FEMALE IN A DRAMA SERIES,ELISABETH MOSS,THE HANDMAID'S TALE,False,
2019, 25th Annual,FEMALE LEAD IN A MOTION PICTURE,LADY GAGA,A STAR IS BORN ,False,
2019, 25th Annual,FEMALE LEAD IN A MOTION PICTURE,MELISSA MCCARTHY,CAN YOU EVER FORGIVE ME?,False,
2019, 25th Annual,FEMALE LEAD IN A MOTION PICTURE,EMILY BLUNT,MARY POPPINS RETURNS,False,
2019, 25th Annual,FEMALE LEAD IN A MOTION PICTURE,OLIVIA COLMAN,THE FAVOURITE,False,
2019, 25th Annual,FEMALE LEAD IN A MOTION PICTURE,GLENN CLOSE,THE WIFE,True,
2019, 25th Annual,FEMALE SUPPORT IN A MOTION PICTURE,EMILY BLUNT,A QUIET PLACE,True,
2019, 25th Annual,FEMALE SUPPORT IN A MOTION PICTURE,MARGOT ROBBIE,MARY QUEEN OF SCOTS,False,
2019, 25th Annual,FEMALE SUPPORT IN A MOTION PICTURE,EMMA STONE,THE FAVOURITE,False,
2019, 25th Annual,FEMALE SUPPORT IN A MOTION PICTURE,RACHEL WEISZ,THE FAVOURITE,False,
2019, 25th Annual,FEMALE SUPPORT IN A MOTION PICTURE,AMY ADAMS,VICE,False,
2019, 25th Annual,FEMALE TV MOVIE OR LIMITED SERIES (MINISERIES),PATRICIA ARQUETTE ,ESCAPE AT DANNEMORA,True,
2019, 25th Annual,FEMALE TV MOVIE OR LIMITED SERIES (MINISERIES),EMMA STONE,MANIAC,False,
2019, 25th Annual,FEMALE TV MOVIE OR LIMITED SERIES (MINISERIES),AMY ADAMS,SHARP OBJECTS,False,
2019, 25th Annual,FEMALE TV MOVIE OR LIMITED SERIES (MINISERIES),PATRICIA CLARKSON,SHARP OBJECTS,False,
2019, 25th Annual,FEMALE TV MOVIE OR LIMITED SERIES (MINISERIES),PEN??LOPE CRUZ,THE ASSASSINATION OF GIANNI VERSACE: AMERICAN CRIME STORY,False,
2019, 25th Annual,MALE IN A COMEDY SERIES,BILL HADER,BARRY,False,
2019, 25th Annual,MALE IN A COMEDY SERIES,HENRY WINKLER ,BARRY,False,
2019, 25th Annual,MALE IN A COMEDY SERIES,ALAN ARKIN,THE KOMINSKY METHOD ,False,
2019, 25th Annual,MALE IN A COMEDY SERIES,MICHAEL  DOUGLAS,THE KOMINSKY METHOD,False,
2019, 25th Annual,MALE IN A COMEDY SERIES,TONY SHALHOUB,THE MARVELOUS MRS. MAISEL,True,
2019, 25th Annual,MALE IN A DRAMA SERIES,BOB ODENKIRK ,BETTER CALL SAUL,False,
2019, 25th Annual,MALE IN A DRAMA SERIES,JASON BATEMAN ,OZARK,True,
2019, 25th Annual,MALE IN A DRAMA SERIES,JOSEPH FIENNES,THE HANDMAID'S TALE,False,
2019, 25th Annual,MALE IN A DRAMA SERIES,STERLING K. BROWN,THIS IS US,False,
2019, 25th Annual,MALE IN A DRAMA SERIES,JOHN KRASINSKI,TOM CLANCY'S JACK RYAN,False,
2019, 25th Annual,MALE LEAD IN A MOTION PICTURE,BRADLEY COOPER,A STAR IS BORN ,False,
2019, 25th Annual,MALE LEAD IN A MOTION PICTURE,JOHN DAVID WASHINGTON,BLACKKKLANSMAN,False,
2019, 25th Annual,MALE LEAD IN A MOTION PICTURE,RAMI MALEK,BOHEMIAN RHAPSODY,True,
2019, 25th Annual,MALE LEAD IN A MOTION PICTURE,VIGGO MORTENSEN,GREEN BOOK,False,
2019, 25th Annual,MALE LEAD IN A MOTION PICTURE,CHRISTIAN BALE,VICE,False,
2019, 25th Annual,MALE SUPPORT IN A MOTION PICTURE ,SAM ELLIOTT,A STAR IS BORN,False,
2019, 25th Annual,MALE SUPPORT IN A MOTION PICTURE ,TIMOTH??E CHALAMET,BEAUTIFUL BOY ,False,
2019, 25th Annual,MALE SUPPORT IN A MOTION PICTURE ,ADAM DRIVER,BLACKKKLANSMAN,False,
2019, 25th Annual,MALE SUPPORT IN A MOTION PICTURE ,RICHARD E. GRANT,CAN YOU EVER FORGIVE ME?,False,
2019, 25th Annual,MALE SUPPORT IN A MOTION PICTURE ,MAHERSHALA ALI,GREEN BOOK,True,
2019, 25th Annual,MALE TV MOVIE OR LIMITED SERIES (MINISERIES),HUGH GRANT,A VERY ENGLISH SCANDAL,False,
2019, 25th Annual,MALE TV MOVIE OR LIMITED SERIES (MINISERIES),ANTONIO BANDERAS,GENIUS: PICASSO,False,
2019, 25th Annual,MALE TV MOVIE OR LIMITED SERIES (MINISERIES),ANTHONY HOPKINS,KING LEAR,False,
2019, 25th Annual,MALE TV MOVIE OR LIMITED SERIES (MINISERIES),DARREN CRISS,THE ASSASSINATION OF GIANNI VERSACE: AMERICAN CRIME STORY,True,
2019, 25th Annual,MALE TV MOVIE OR LIMITED SERIES (MINISERIES),BILL PULLMAN,THE SINNER,False,
2019, 25th Annual,STUNT ENSEMBLE IN A COMEDY OR DRAMA SERIES,,GLOW,True,
2019, 25th Annual,STUNT ENSEMBLE IN A COMEDY OR DRAMA SERIES,,MARVEL'S DAREDEVIL,False,
2019, 25th Annual,STUNT ENSEMBLE IN A COMEDY OR DRAMA SERIES,,THE WALKING DEAD,False,
2019, 25th Annual,STUNT ENSEMBLE IN A COMEDY OR DRAMA SERIES,,TOM CLANCY'S JACK RYAN,False,
2019, 25th Annual,STUNT ENSEMBLE IN A COMEDY OR DRAMA SERIES,,WESTWORLD,False,
2019, 25th Annual,STUNT ENSEMBLE IN A MOTION PICTURE,,ANT-MAN AND THE WASP,False,
2019, 25th Annual,STUNT ENSEMBLE IN A MOTION PICTURE,,AVENGERS: INFINITY WAR,False,
2019, 25th Annual,STUNT ENSEMBLE IN A MOTION PICTURE,,BLACK PANTHER,True,
2019, 25th Annual,STUNT ENSEMBLE IN A MOTION PICTURE,,MISSION: IMPOSSIBLE FALLOUT,False,
2019, 25th Annual,STUNT ENSEMBLE IN A MOTION PICTURE,,THE BALLAD OF BUSTER SCRUGGS,False,
2018, 24th Annual,CAST IN A MOTION PICTURE,,GET OUT,False,
2018, 24th Annual,CAST IN A MOTION PICTURE,ALLISON WILLIAMS,GET OUT,False,
2018, 24th Annual,CAST IN A MOTION PICTURE,BRADLEY WHITFORD,GET OUT,False,
2018, 24th Annual,CAST IN A MOTION PICTURE,CALEB LANDRY JONES,GET OUT,False,
2018, 24th Annual,CAST IN A MOTION PICTURE,CAREY MULLIGAN,GET OUT,False,
2018, 24th Annual,CAST IN A MOTION PICTURE,CATHERINE KEENER,GET OUT,False,
2018, 24th Annual,CAST IN A MOTION PICTURE,DANIEL KALUUYA,GET OUT,False,
2018, 24th Annual,CAST IN A MOTION PICTURE,LAKEITH STANFIELD,GET OUT,False,
2018, 24th Annual,CAST IN A MOTION PICTURE,STEPHEN ROOT,GET OUT,False,
2018, 24th Annual,CAST IN A MOTION PICTURE,,LADY BIRD,False,
2018, 24th Annual,CAST IN A MOTION PICTURE,BEANIE FELDSTEIN,LADY BIRD,False,
2018, 24th Annual,CAST IN A MOTION PICTURE,JORDAN RODRIGUES,LADY BIRD,False,
2018, 24th Annual,CAST IN A MOTION PICTURE,LAURIE METCALF,LADY BIRD,False,
2018, 24th Annual,CAST IN A MOTION PICTURE,LOIS SMITH,LADY BIRD,False,
2018, 24th Annual,CAST IN A MOTION PICTURE,LUCAS HEDGES,LADY BIRD,False,
2018, 24th Annual,CAST IN A MOTION PICTURE,MARIELLE SCOTT,LADY BIRD,False,
2018, 24th Annual,CAST IN A MOTION PICTURE,ODEYA RUSH,LADY BIRD,False,
2018, 24th Annual,CAST IN A MOTION PICTURE,SAOIRSE RONAN,LADY BIRD,False,
2018, 24th Annual,CAST IN A MOTION PICTURE,STEPHEN MCKINLEY HENDERSON,LADY BIRD,False,
2018, 24th Annual,CAST IN A MOTION PICTURE,TIMOTH??E CHALAMET,LADY BIRD,False,
2018, 24th Annual,CAST IN A MOTION PICTURE,TRACY LETTS,LADY BIRD,False,
2018, 24th Annual,CAST IN A MOTION PICTURE,,MUDBOUND,False,
2018, 24th Annual,CAST IN A MOTION PICTURE,GARRETT HEDLUND,MUDBOUND,False,
2018, 24th Annual,CAST IN A MOTION PICTURE,JASON CLARKE,MUDBOUND,False,
2018, 24th Annual,CAST IN A MOTION PICTURE,JASON MITCHELL,MUDBOUND,False,
2018, 24th Annual,CAST IN A MOTION PICTURE,JONATHAN BANKS,MUDBOUND,False,
2018, 24th Annual,CAST IN A MOTION PICTURE,MARY J. BLIGE,MUDBOUND,False,
2018, 24th Annual,CAST IN A MOTION PICTURE,ROB MORGAN,MUDBOUND,False,
2018, 24th Annual,CAST IN A MOTION PICTURE,,THE BIG SICK,False,
2018, 24th Annual,CAST IN A MOTION PICTURE,ADEEL AKHTAR,THE BIG SICK,False,
2018, 24th Annual,CAST IN A MOTION PICTURE,ANUPAM KHER,THE BIG SICK,False,
2018, 24th Annual,CAST IN A MOTION PICTURE,HOLLY HUNTER,THE BIG SICK,False,
2018, 24th Annual,CAST IN A MOTION PICTURE,KUMAIL NANJIANI,THE BIG SICK,False,
2018, 24th Annual,CAST IN A MOTION PICTURE,RAY ROMANO,THE BIG SICK,False,
2018, 24th Annual,CAST IN A MOTION PICTURE,ZENOBIA SHROFF,THE BIG SICK,False,
2018, 24th Annual,CAST IN A MOTION PICTURE,ZOE KAZAN,THE BIG SICK,False,
2018, 24th Annual,CAST IN A MOTION PICTURE,,THREE BILLBOARDS OUTSIDE EBBING MISSOURI,True,
2018, 24th Annual,CAST IN A MOTION PICTURE,ABBIE CORNISH,THREE BILLBOARDS OUTSIDE EBBING MISSOURI,True,
2018, 24th Annual,CAST IN A MOTION PICTURE,CALEB LANDRY JONES,THREE BILLBOARDS OUTSIDE EBBING MISSOURI,True,
2018, 24th Annual,CAST IN A MOTION PICTURE,CLARKE PETERS,THREE BILLBOARDS OUTSIDE EBBING MISSOURI,True,
2018, 24th Annual,CAST IN A MOTION PICTURE,FRANCES MCDORMAND,THREE BILLBOARDS OUTSIDE EBBING MISSOURI,True,
2018, 24th Annual,CAST IN A MOTION PICTURE,JOHN HAWKES,THREE BILLBOARDS OUTSIDE EBBING MISSOURI,True,
2018, 24th Annual,CAST IN A MOTION PICTURE,LUCAS HEDGES,THREE BILLBOARDS OUTSIDE EBBING MISSOURI,True,
2018, 24th Annual,CAST IN A MOTION PICTURE,PETER DINKLAGE,THREE BILLBOARDS OUTSIDE EBBING MISSOURI,True,
2018, 24th Annual,CAST IN A MOTION PICTURE,SAM ROCKWELL,THREE BILLBOARDS OUTSIDE EBBING MISSOURI,True,
2018, 24th Annual,CAST IN A MOTION PICTURE,SAMARA WEAVING,THREE BILLBOARDS OUTSIDE EBBING MISSOURI,True,
2018, 24th Annual,CAST IN A MOTION PICTURE,WOODY HARRELSON,THREE BILLBOARDS OUTSIDE EBBING MISSOURI,True,
2018, 24th Annual,CAST IN A MOTION PICTURE,??ELJKO IVANEK,THREE BILLBOARDS OUTSIDE EBBING MISSOURI,True,
2018, 24th Annual,ENSEMBLE IN A COMEDY SERIES,,BLACK-ISH,False,
2018, 24th Annual,ENSEMBLE IN A COMEDY SERIES,ANTHONY ANDERSON,BLACK-ISH,False,
2018, 24th Annual,ENSEMBLE IN A COMEDY SERIES,DEON COLE,BLACK-ISH,False,
2018, 24th Annual,ENSEMBLE IN A COMEDY SERIES,JEFF MEACHUM,BLACK-ISH,False,
2018, 24th Annual,ENSEMBLE IN A COMEDY SERIES,JENIFER LEWIS,BLACK-ISH,False,
2018, 24th Annual,ENSEMBLE IN A COMEDY SERIES,LAURENCE FISHBURNE,BLACK-ISH,False,
2018, 24th Annual,ENSEMBLE IN A COMEDY SERIES,MARCUS SCRIBNER,BLACK-ISH,False,
2018, 24th Annual,ENSEMBLE IN A COMEDY SERIES,MARSAI MARTIN,BLACK-ISH,False,
2018, 24th Annual,ENSEMBLE IN A COMEDY SERIES,MILES BROWN,BLACK-ISH,False,
2018, 24th Annual,ENSEMBLE IN A COMEDY SERIES,PETER MACKENZIE,BLACK-ISH,False,
2018, 24th Annual,ENSEMBLE IN A COMEDY SERIES,TRACEE ELLIS ROSS,BLACK-ISH,False,
2018, 24th Annual,ENSEMBLE IN A COMEDY SERIES,YARA SHAHIDI,BLACK-ISH,False,
2018, 24th Annual,ENSEMBLE IN A COMEDY SERIES,,CURB YOUR ENTHUSIASM,False,
2018, 24th Annual,ENSEMBLE IN A COMEDY SERIES,CHERYL HINES,CURB YOUR ENTHUSIASM,False,
2018, 24th Annual,ENSEMBLE IN A COMEDY SERIES,JB SMOOVE,CURB YOUR ENTHUSIASM,False,
2018, 24th Annual,ENSEMBLE IN A COMEDY SERIES,JEFF GARLIN,CURB YOUR ENTHUSIASM,False,
2018, 24th Annual,ENSEMBLE IN A COMEDY SERIES,LARRY DAVID,CURB YOUR ENTHUSIASM,False,
2018, 24th Annual,ENSEMBLE IN A COMEDY SERIES,SUSIE ESSMAN,CURB YOUR ENTHUSIASM,False,
2018, 24th Annual,ENSEMBLE IN A COMEDY SERIES,TED DANSON,CURB YOUR ENTHUSIASM,False,
2018, 24th Annual,ENSEMBLE IN A COMEDY SERIES,,GLOW,False,
2018, 24th Annual,ENSEMBLE IN A COMEDY SERIES,ALISON BRIE,GLOW,False,
2018, 24th Annual,ENSEMBLE IN A COMEDY SERIES,BASHIR SALAHUDDIN,GLOW,False,
2018, 24th Annual,ENSEMBLE IN A COMEDY SERIES,BETTY GILPIN,GLOW,False,
2018, 24th Annual,ENSEMBLE IN A COMEDY SERIES,BRITNEY YOUNG,GLOW,False,
2018, 24th Annual,ENSEMBLE IN A COMEDY SERIES,BRITT BARON,GLOW,False,
2018, 24th Annual,ENSEMBLE IN A COMEDY SERIES,CHRIS LOWELL,GLOW,False,
2018, 24th Annual,ENSEMBLE IN A COMEDY SERIES,ELLEN WONG,GLOW,False,
2018, 24th Annual,ENSEMBLE IN A COMEDY SERIES,GAYLE RANKIN,GLOW,False,
2018, 24th Annual,ENSEMBLE IN A COMEDY SERIES,JACKIE TOHN,GLOW,False,
2018, 24th Annual,ENSEMBLE IN A COMEDY SERIES,KATE NASH,GLOW,False,
2018, 24th Annual,ENSEMBLE IN A COMEDY SERIES,KIA STEVENS,GLOW,False,
2018, 24th Annual,ENSEMBLE IN A COMEDY SERIES,KIMMY GATEWOOD,GLOW,False,
2018, 24th Annual,ENSEMBLE IN A COMEDY SERIES,MARC MARON,GLOW,False,
2018, 24th Annual,ENSEMBLE IN A COMEDY SERIES,MARIANNA PALKA,GLOW,False,
2018, 24th Annual,ENSEMBLE IN A COMEDY SERIES,REBEKKA JOHNSON,GLOW,False,
2018, 24th Annual,ENSEMBLE IN A COMEDY SERIES,RICH SOMMER,GLOW,False,
2018, 24th Annual,ENSEMBLE IN A COMEDY SERIES,SUNITA MANI,GLOW,False,
2018, 24th Annual,ENSEMBLE IN A COMEDY SERIES,SYDELLE NOEL,GLOW,False,
2018, 24th Annual,ENSEMBLE IN A COMEDY SERIES,,ORANGE IS THE NEW BLACK,False,
2018, 24th Annual,ENSEMBLE IN A COMEDY SERIES,ABIGAIL SAVAGE,ORANGE IS THE NEW BLACK,False,
2018, 24th Annual,ENSEMBLE IN A COMEDY SERIES,ADRIENNE C. MOORE,ORANGE IS THE NEW BLACK,False,
2018, 24th Annual,ENSEMBLE IN A COMEDY SERIES,ANNIE GOLDEN,ORANGE IS THE NEW BLACK,False,
2018, 24th Annual,ENSEMBLE IN A COMEDY SERIES,ASIA KATE DILLON,ORANGE IS THE NEW BLACK,False,
2018, 24th Annual,ENSEMBLE IN A COMEDY SERIES,BETH DOVER,ORANGE IS THE NEW BLACK,False,
2018, 24th Annual,ENSEMBLE IN A COMEDY SERIES,BRAD WILLIAM HENKE,ORANGE IS THE NEW BLACK,False,
2018, 24th Annual,ENSEMBLE IN A COMEDY SERIES,CONSTANCE SHULMAN,ORANGE IS THE NEW BLACK,False,
2018, 24th Annual,ENSEMBLE IN A COMEDY SERIES,DALE SOULES,ORANGE IS THE NEW BLACK,False,
2018, 24th Annual,ENSEMBLE IN A COMEDY SERIES,DANIELLA DE JESUS,ORANGE IS THE NEW BLACK,False,
2018, 24th Annual,ENSEMBLE IN A COMEDY SERIES,DANIELLE BROOKS,ORANGE IS THE NEW BLACK,False,
2018, 24th Annual,ENSEMBLE IN A COMEDY SERIES,DASCHA POLANCO,ORANGE IS THE NEW BLACK,False,
2018, 24th Annual,ENSEMBLE IN A COMEDY SERIES,DIANE GUERRERO,ORANGE IS THE NEW BLACK,False,
2018, 24th Annual,ENSEMBLE IN A COMEDY SERIES,ELIZABETH RODRIGUEZ,ORANGE IS THE NEW BLACK,False,
2018, 24th Annual,ENSEMBLE IN A COMEDY SERIES,EMILY ALTHAUS,ORANGE IS THE NEW BLACK,False,
2018, 24th Annual,ENSEMBLE IN A COMEDY SERIES,EMILY TARVER,ORANGE IS THE NEW BLACK,False,
2018, 24th Annual,ENSEMBLE IN A COMEDY SERIES,EMMA MYLES,ORANGE IS THE NEW BLACK,False,
2018, 24th Annual,ENSEMBLE IN A COMEDY SERIES,EVAN ARTHUR HALL,ORANGE IS THE NEW BLACK,False,
2018, 24th Annual,ENSEMBLE IN A COMEDY SERIES,FRANCESCA CURRAN,ORANGE IS THE NEW BLACK,False,
2018, 24th Annual,ENSEMBLE IN A COMEDY SERIES,JACKIE CRUZ,ORANGE IS THE NEW BLACK,False,
2018, 24th Annual,ENSEMBLE IN A COMEDY SERIES,JESSICA PIMENTEL,ORANGE IS THE NEW BLACK,False,
2018, 24th Annual,ENSEMBLE IN A COMEDY SERIES,JOHN PALLADINO,ORANGE IS THE NEW BLACK,False,
2018, 24th Annual,ENSEMBLE IN A COMEDY SERIES,JOLENE PURDY,ORANGE IS THE NEW BLACK,False,
2018, 24th Annual,ENSEMBLE IN A COMEDY SERIES,JULIE LAKE,ORANGE IS THE NEW BLACK,False,
2018, 24th Annual,ENSEMBLE IN A COMEDY SERIES,KATE MULGREW,ORANGE IS THE NEW BLACK,False,
2018, 24th Annual,ENSEMBLE IN A COMEDY SERIES,KELLY KARBACZ,ORANGE IS THE NEW BLACK,False,
2018, 24th Annual,ENSEMBLE IN A COMEDY SERIES,KIMIKO GLENN,ORANGE IS THE NEW BLACK,False,
2018, 24th Annual,ENSEMBLE IN A COMEDY SERIES,LAURA GOMEZ,ORANGE IS THE NEW BLACK,False,
2018, 24th Annual,ENSEMBLE IN A COMEDY SERIES,LAURA PREPON,ORANGE IS THE NEW BLACK,False,
2018, 24th Annual,ENSEMBLE IN A COMEDY SERIES,LEA DELARIA,ORANGE IS THE NEW BLACK,False,
2018, 24th Annual,ENSEMBLE IN A COMEDY SERIES,LIN TUCCI,ORANGE IS THE NEW BLACK,False,
2018, 24th Annual,ENSEMBLE IN A COMEDY SERIES,MATT PETERS,ORANGE IS THE NEW BLACK,False,
2018, 24th Annual,ENSEMBLE IN A COMEDY SERIES,MICHAEL J. HARNEY,ORANGE IS THE NEW BLACK,False,
2018, 24th Annual,ENSEMBLE IN A COMEDY SERIES,MICHAEL TORPEY,ORANGE IS THE NEW BLACK,False,
2018, 24th Annual,ENSEMBLE IN A COMEDY SERIES,MIKE HOUSTON,ORANGE IS THE NEW BLACK,False,
2018, 24th Annual,ENSEMBLE IN A COMEDY SERIES,MIRIAM MORALES,ORANGE IS THE NEW BLACK,False,
2018, 24th Annual,ENSEMBLE IN A COMEDY SERIES,NATASHA LYONNE,ORANGE IS THE NEW BLACK,False,
2018, 24th Annual,ENSEMBLE IN A COMEDY SERIES,NICK DILLENBURG,ORANGE IS THE NEW BLACK,False,
2018, 24th Annual,ENSEMBLE IN A COMEDY SERIES,NICK SANDOW,ORANGE IS THE NEW BLACK,False,
2018, 24th Annual,ENSEMBLE IN A COMEDY SERIES,ROSAL COLON,ORANGE IS THE NEW BLACK,False,
2018, 24th Annual,ENSEMBLE IN A COMEDY SERIES,SELENIS LEYVA,ORANGE IS THE NEW BLACK,False,
2018, 24th Annual,ENSEMBLE IN A COMEDY SERIES,TARYN MANNING,ORANGE IS THE NEW BLACK,False,
2018, 24th Annual,ENSEMBLE IN A COMEDY SERIES,TAYLOR SCHILLING,ORANGE IS THE NEW BLACK,False,
2018, 24th Annual,ENSEMBLE IN A COMEDY SERIES,UZO ADUBA,ORANGE IS THE NEW BLACK,False,
2018, 24th Annual,ENSEMBLE IN A COMEDY SERIES,VICKY JEUDY,ORANGE IS THE NEW BLACK,False,
2018, 24th Annual,ENSEMBLE IN A COMEDY SERIES,YAEL STONE,ORANGE IS THE NEW BLACK,False,
2018, 24th Annual,ENSEMBLE IN A COMEDY SERIES,,VEEP,True,
2018, 24th Annual,ENSEMBLE IN A COMEDY SERIES,ANNA CHLUMSKY,VEEP,True,
2018, 24th Annual,ENSEMBLE IN A COMEDY SERIES,CLEA DUVALL,VEEP,True,
2018, 24th Annual,ENSEMBLE IN A COMEDY SERIES,DAN BAKKEDAHL,VEEP,True,
2018, 24th Annual,ENSEMBLE IN A COMEDY SERIES,GARY COLE,VEEP,True,
2018, 24th Annual,ENSEMBLE IN A COMEDY SERIES,JULIA LOUIS-DREYFUS,VEEP,True,
2018, 24th Annual,ENSEMBLE IN A COMEDY SERIES,KEVIN DUNN,VEEP,True,
2018, 24th Annual,ENSEMBLE IN A COMEDY SERIES,MARGARET COLIN,VEEP,True,
2018, 24th Annual,ENSEMBLE IN A COMEDY SERIES,MATT WALSH,VEEP,True,
2018, 24th Annual,ENSEMBLE IN A COMEDY SERIES,NELSON FRANKLIN,VEEP,True,
2018, 24th Annual,ENSEMBLE IN A COMEDY SERIES,PAUL SCHEER,VEEP,True,
2018, 24th Annual,ENSEMBLE IN A COMEDY SERIES,REID SCOTT,VEEP,True,
2018, 24th Annual,ENSEMBLE IN A COMEDY SERIES,SAM RICHARDSON,VEEP,True,
2018, 24th Annual,ENSEMBLE IN A COMEDY SERIES,SARAH SUTHERLAND,VEEP,True,
2018, 24th Annual,ENSEMBLE IN A COMEDY SERIES,TIMOTHY SIMONS,VEEP,True,
2018, 24th Annual,ENSEMBLE IN A COMEDY SERIES,TONY HALE,VEEP,True,
2018, 24th Annual,ENSEMBLE IN A DRAMA SERIES,,GAME OF THRONES,False,
2018, 24th Annual,ENSEMBLE IN A DRAMA SERIES,AIDAN GILLEN,GAME OF THRONES,False,
2018, 24th Annual,ENSEMBLE IN A DRAMA SERIES,ALFIE ALLEN,GAME OF THRONES,False,
2018, 24th Annual,ENSEMBLE IN A DRAMA SERIES,ANTON LESSER,GAME OF THRONES,False,
2018, 24th Annual,ENSEMBLE IN A DRAMA SERIES,CONLETH HILL,GAME OF THRONES,False,
2018, 24th Annual,ENSEMBLE IN A DRAMA SERIES,EMILIA CLARKE,GAME OF THRONES,False,
2018, 24th Annual,ENSEMBLE IN A DRAMA SERIES,GWENDOLINE CHRISTIE,GAME OF THRONES,False,
2018, 24th Annual,ENSEMBLE IN A DRAMA SERIES,HAFBOR JULIUS BJORNSSON,GAME OF THRONES,False,
2018, 24th Annual,ENSEMBLE IN A DRAMA SERIES,IAIN GLEN,GAME OF THRONES,False,
2018, 24th Annual,ENSEMBLE IN A DRAMA SERIES,ISAAC HEMPSTEAD WRIGHT,GAME OF THRONES,False,
2018, 24th Annual,ENSEMBLE IN A DRAMA SERIES,JACOB ANDERSON,GAME OF THRONES,False,
2018, 24th Annual,ENSEMBLE IN A DRAMA SERIES,JAMES FAULKNER,GAME OF THRONES,False,
2018, 24th Annual,ENSEMBLE IN A DRAMA SERIES,JEROME FLYNN,GAME OF THRONES,False,
2018, 24th Annual,ENSEMBLE IN A DRAMA SERIES,JIM BROADBENT,GAME OF THRONES,False,
2018, 24th Annual,ENSEMBLE IN A DRAMA SERIES,JOHN BRADLEY,GAME OF THRONES,False,
2018, 24th Annual,ENSEMBLE IN A DRAMA SERIES,KIT HARINGTON,GAME OF THRONES,False,
2018, 24th Annual,ENSEMBLE IN A DRAMA SERIES,KRISTOFER HIVJU ,GAME OF THRONES,False,
2018, 24th Annual,ENSEMBLE IN A DRAMA SERIES,LENA HEADY,GAME OF THRONES,False,
2018, 24th Annual,ENSEMBLE IN A DRAMA SERIES,LIAM CUNNINGHAM,GAME OF THRONES,False,
2018, 24th Annual,ENSEMBLE IN A DRAMA SERIES,MAISIE WILLIAMS,GAME OF THRONES,False,
2018, 24th Annual,ENSEMBLE IN A DRAMA SERIES,NATHALIE EMMANUEL,GAME OF THRONES,False,
2018, 24th Annual,ENSEMBLE IN A DRAMA SERIES,NIKOLAJ COSTER-WALDAU,GAME OF THRONES,False,
2018, 24th Annual,ENSEMBLE IN A DRAMA SERIES,PETER DINKLAGE,GAME OF THRONES,False,
2018, 24th Annual,ENSEMBLE IN A DRAMA SERIES,PILOU ASBAEK,GAME OF THRONES,False,
2018, 24th Annual,ENSEMBLE IN A DRAMA SERIES,RICHARD DORMER,GAME OF THRONES,False,
2018, 24th Annual,ENSEMBLE IN A DRAMA SERIES,RICHARD RYCROFT,GAME OF THRONES,False,
2018, 24th Annual,ENSEMBLE IN A DRAMA SERIES,RORY MCCANN,GAME OF THRONES,False,
2018, 24th Annual,ENSEMBLE IN A DRAMA SERIES,RUPERT VANSITTART,GAME OF THRONES,False,
2018, 24th Annual,ENSEMBLE IN A DRAMA SERIES,SOPHIE TURNER,GAME OF THRONES,False,
2018, 24th Annual,ENSEMBLE IN A DRAMA SERIES,STAZ NAIR,GAME OF THRONES,False,
2018, 24th Annual,ENSEMBLE IN A DRAMA SERIES,TOM HOPPER,GAME OF THRONES,False,
2018, 24th Annual,ENSEMBLE IN A DRAMA SERIES,,STRANGER THINGS,False,
2018, 24th Annual,ENSEMBLE IN A DRAMA SERIES,CALEB MCLAUGHLIN,STRANGER THINGS,False,
2018, 24th Annual,ENSEMBLE IN A DRAMA SERIES,CARA BUONO,STRANGER THINGS,False,
2018, 24th Annual,ENSEMBLE IN A DRAMA SERIES,CATHERINE CURTIN,STRANGER THINGS,False,
2018, 24th Annual,ENSEMBLE IN A DRAMA SERIES,CHARLIE HEATON,STRANGER THINGS,False,
2018, 24th Annual,ENSEMBLE IN A DRAMA SERIES,DACRE MONTGOMERY,STRANGER THINGS,False,
2018, 24th Annual,ENSEMBLE IN A DRAMA SERIES,DAVID HARBOUR,STRANGER THINGS,False,
2018, 24th Annual,ENSEMBLE IN A DRAMA SERIES,FINN WOLFHARD,STRANGER THINGS,False,
2018, 24th Annual,ENSEMBLE IN A DRAMA SERIES,GATEN MATARAZZO,STRANGER THINGS,False,
2018, 24th Annual,ENSEMBLE IN A DRAMA SERIES,JOE CHREST,STRANGER THINGS,False,
2018, 24th Annual,ENSEMBLE IN A DRAMA SERIES,JOE KEERY,STRANGER THINGS,False,
2018, 24th Annual,ENSEMBLE IN A DRAMA SERIES,MILLIE BOBBY BROWN,STRANGER THINGS,False,
2018, 24th Annual,ENSEMBLE IN A DRAMA SERIES,NATALIA DYER,STRANGER THINGS,False,
2018, 24th Annual,ENSEMBLE IN A DRAMA SERIES,NOAH SCHNAPP,STRANGER THINGS,False,
2018, 24th Annual,ENSEMBLE IN A DRAMA SERIES,PAUL REISER,STRANGER THINGS,False,
2018, 24th Annual,ENSEMBLE IN A DRAMA SERIES,SADIE SINK,STRANGER THINGS,False,
2018, 24th Annual,ENSEMBLE IN A DRAMA SERIES,SEAN ASTIN,STRANGER THINGS,False,
2018, 24th Annual,ENSEMBLE IN A DRAMA SERIES,WINONA RYDER,STRANGER THINGS,False,
2018, 24th Annual,ENSEMBLE IN A DRAMA SERIES,ANTON LESSER,THE CROWN,False,
2018, 24th Annual,ENSEMBLE IN A DRAMA SERIES,CLAIRE FOY,THE CROWN,False,
2018, 24th Annual,ENSEMBLE IN A DRAMA SERIES,MATT SMITH,THE CROWN,False,
2018, 24th Annual,ENSEMBLE IN A DRAMA SERIES,VANESSA KIRBY,THE CROWN,False,
2018, 24th Annual,ENSEMBLE IN A DRAMA SERIES,VICTORIA HAMILTON,THE CROWN,False,
2018, 24th Annual,ENSEMBLE IN A DRAMA SERIES,,THE HANDMAID'S TALE,False,
2018, 24th Annual,ENSEMBLE IN A DRAMA SERIES,AMANDA BRUGEL,THE HANDMAID'S TALE,False,
2018, 24th Annual,ENSEMBLE IN A DRAMA SERIES,ANN DOWD,THE HANDMAID'S TALE,False,
2018, 24th Annual,ENSEMBLE IN A DRAMA SERIES,ELISABETH MOSS,THE HANDMAID'S TALE,False,
2018, 24th Annual,ENSEMBLE IN A DRAMA SERIES,JOSEPH FIENNES,THE HANDMAID'S TALE,False,
2018, 24th Annual,ENSEMBLE IN A DRAMA SERIES,MADELINE BREWER,THE HANDMAID'S TALE,False,
2018, 24th Annual,ENSEMBLE IN A DRAMA SERIES,MAX MINGHELLA,THE HANDMAID'S TALE,False,
2018, 24th Annual,ENSEMBLE IN A DRAMA SERIES,O-T FAGBENLE,THE HANDMAID'S TALE,False,
2018, 24th Annual,ENSEMBLE IN A DRAMA SERIES,SAMIRA WILEY,THE HANDMAID'S TALE,False,
2018, 24th Annual,ENSEMBLE IN A DRAMA SERIES,TATTIAWNA JONES,THE HANDMAID'S TALE,False,
2018, 24th Annual,ENSEMBLE IN A DRAMA SERIES,YVONNE STRAHOVSKI,THE HANDMAID'S TALE,False,
2018, 24th Annual,ENSEMBLE IN A DRAMA SERIES,,THIS IS US,True,
2018, 24th Annual,ENSEMBLE IN A DRAMA SERIES,ALEXANDRA BRECKENRIDGE,THIS IS US,True,
2018, 24th Annual,ENSEMBLE IN A DRAMA SERIES,CHRIS SULLIVAN,THIS IS US,True,
2018, 24th Annual,ENSEMBLE IN A DRAMA SERIES,CHRISSY METZ,THIS IS US,True,
2018, 24th Annual,ENSEMBLE IN A DRAMA SERIES,ERIS BAKER,THIS IS US,True,
2018, 24th Annual,ENSEMBLE IN A DRAMA SERIES,FAITHE HERMAN ,THIS IS US,True,
2018, 24th Annual,ENSEMBLE IN A DRAMA SERIES,HANNAH ZEILE,THIS IS US,True,
2018, 24th Annual,ENSEMBLE IN A DRAMA SERIES,JUSTIN HARTLEY,THIS IS US,True,
2018, 24th Annual,ENSEMBLE IN A DRAMA SERIES,LONNIE CHAVIS,THIS IS US,True,
2018, 24th Annual,ENSEMBLE IN A DRAMA SERIES,MACKENZIE HANCSICSAK,THIS IS US,True,
2018, 24th Annual,ENSEMBLE IN A DRAMA SERIES,MANDY MOORE,THIS IS US,True,
2018, 24th Annual,ENSEMBLE IN A DRAMA SERIES,MILO VENTIMIGLIA,THIS IS US,True,
2018, 24th Annual,ENSEMBLE IN A DRAMA SERIES,RON CEPHAS JONES,THIS IS US,True,
2018, 24th Annual,ENSEMBLE IN A DRAMA SERIES,STERLING K. BROWN,THIS IS US,True,
2018, 24th Annual,ENSEMBLE IN A DRAMA SERIES,SUSAN KELECHI WATSON,THIS IS US,True,
2018, 24th Annual,FEMALE COMEDY,ALISON BRIE,GLOW,False,
2018, 24th Annual,FEMALE COMEDY,JANE FONDA,GRACE AND FRANKIE,False,
2018, 24th Annual,FEMALE COMEDY,LILY TOMLIN,GRACE AND FRANKIE,False,
2018, 24th Annual,FEMALE COMEDY,UZO ADUBA,ORANGE IS THE NEW BLACK,False,
2018, 24th Annual,FEMALE COMEDY,JULIA LOUIS-DREYFUS,VEEP,True,
2018, 24th Annual,FEMALE DRAMA,ROBIN WRIGHT,HOUSE OF CARDS,False,
2018, 24th Annual,FEMALE DRAMA,MILLIE BOBBY BROWN,STRANGER THINGS,False,
2018, 24th Annual,FEMALE DRAMA,CLAIRE FOY,THE CROWN,True,
2018, 24th Annual,FEMALE DRAMA,ELISABETH MOSS,THE HANDMAID'S TALE,False,
2018, 24th Annual,FEMALE LEAD,MARGOT ROBBIE,"I, Tonya",False,
2018, 24th Annual,FEMALE LEAD,SAOIRSE RONAN,LADY BIRD,False,
2018, 24th Annual,FEMALE LEAD,SALLY HAWKINS,THE SHAPE OF WATER,False,
2018, 24th Annual,FEMALE LEAD,FRANCES MCDORMAND,THREE BILLBOARDS OUTSIDE EBBING MISSOURI,True,
2018, 24th Annual,FEMALE LEAD,JUDI DENCH,VICTORIA & ABDUL,False,
2018, 24th Annual,FEMALE SUPPORT,HONG CHAU,DOWNSIZING,False,
2018, 24th Annual,FEMALE SUPPORT,ALLISON JANNEY,"I, Tonya",False,
2018, 24th Annual,FEMALE SUPPORT,LAURIE METCALF,LADY BIRD,False,
2018, 24th Annual,FEMALE SUPPORT,MARY J. BLIGE,MUDBOUND,False,
2018, 24th Annual,FEMALE SUPPORT,HOLLY HUNTER,THE BIG SICK,False,
2018, 24th Annual,FEMALE TV MOVIE OR LIMITED SERIES,LAURA DERN,BIG LITTLE LIES,False,
2018, 24th Annual,FEMALE TV MOVIE OR LIMITED SERIES,NICOLE KIDMAN,BIG LITTLE LIES,True,
2018, 24th Annual,FEMALE TV MOVIE OR LIMITED SERIES,REESE WITHERSPOON,BIG LITTLE LIES,False,
2018, 24th Annual,FEMALE TV MOVIE OR LIMITED SERIES,JESSICA  LANGE,FEUD: BETTE AND JOAN,False,
2018, 24th Annual,FEMALE TV MOVIE OR LIMITED SERIES,SUSAN SARANDON,FEUD: BETTE AND JOAN,False,
2018, 24th Annual,MALE COMEDY,ANTHONY ANDERSON,BLACK-ISH,False,
2018, 24th Annual,MALE COMEDY,LARRY DAVID,CURB YOUR ENTHUSIASM,False,
2018, 24th Annual,MALE COMEDY,MARC MARON,GLOW,False,
2018, 24th Annual,MALE COMEDY,AZIZ ANSARI,MASTER OF NONE,False,
2018, 24th Annual,MALE COMEDY,WILLIAM H. MACY,SHAMELESS,True,
2018, 24th Annual,MALE COMEDY,SEAN HAYES,WILL & GRACE,False,
2018, 24th Annual,MALE DRAMA,BOB ODENKIRK,BETTER CALL SAUL,False,
2018, 24th Annual,MALE DRAMA,PETER DINKLAGE,GAME OF THRONES,False,
2018, 24th Annual,MALE DRAMA,JASON BATEMAN,OZARK,False,
2018, 24th Annual,MALE DRAMA,DAVID HARBOUR,STRANGER THINGS,False,
2018, 24th Annual,MALE DRAMA,STERLING K. BROWN,THIS IS US,True,
2018, 24th Annual,MALE LEAD,TIMOTH??E CHALAMET,CALL ME BY YOUR NAME,False,
2018, 24th Annual,MALE LEAD,GARY OLDMAN,DARKEST HOUR,True,
2018, 24th Annual,MALE LEAD,DANIEL KALUUYA,GET OUT,False,
2018, 24th Annual,MALE LEAD,JAMES FRANCO,THE DISASTER ARTIST,False,
2018, 24th Annual,MALE SUPPORT,STEVE CARELL,BATTLE OF THE SEXES,False,
2018, 24th Annual,MALE SUPPORT,WILLEM DAFOE,THE FLORIDA PROJECT,False,
2018, 24th Annual,MALE SUPPORT,RICHARD JENKINS,THE SHAPE OF WATER,False,
2018, 24th Annual,MALE SUPPORT,SAM ROCKWELL,THREE BILLBOARDS OUTSIDE EBBING MISSOURI,True,
2018, 24th Annual,MALE SUPPORT,WOODY HARRELSON,THREE BILLBOARDS OUTSIDE EBBING MISSOURI,False,
2018, 24th Annual,MALE TV MOVIE OR LIMITED SERIES,ALEXANDER SKARSGARD,BIG LITTLE LIES,True,
2018, 24th Annual,MALE TV MOVIE OR LIMITED SERIES,GEOFFREY RUSH,GENIUS,False,
2018, 24th Annual,MALE TV MOVIE OR LIMITED SERIES,JEFF DANIELS,GODLESS,False,
2018, 24th Annual,MALE TV MOVIE OR LIMITED SERIES,BENEDICT CUMBERBATCH,SHERLOCK: THE LYING DETECTIVE,False,
2018, 24th Annual,MALE TV MOVIE OR LIMITED SERIES,ROBERT DE NIRO,THE WIZARD OF LIES,False,
2018, 24th Annual,STUNT ENSEMBLE IN A MOTION PICTURE,,BABY DRIVER,False,
2018, 24th Annual,STUNT ENSEMBLE IN A MOTION PICTURE,,DUNKIRK,False,
2018, 24th Annual,STUNT ENSEMBLE IN A MOTION PICTURE,,LOGAN,False,
2018, 24th Annual,STUNT ENSEMBLE IN A MOTION PICTURE,,WAR FOR THE PLANET OF THE APES,False,
2018, 24th Annual,STUNT ENSEMBLE IN A MOTION PICTURE,,WONDER WOMAN,True,
2018, 24th Annual,STUNT ENSEMBLE IN A SERIES,,GAME OF THRONES,True,
2018, 24th Annual,STUNT ENSEMBLE IN A SERIES,,GLOW,False,
2018, 24th Annual,STUNT ENSEMBLE IN A SERIES,,HOMELAND,False,
2018, 24th Annual,STUNT ENSEMBLE IN A SERIES,,STRANGER THINGS,False,
2018, 24th Annual,STUNT ENSEMBLE IN A SERIES,,THE WALKING DEAD,False,
2017, 23rd Annual,CAST IN A MOTION PICTURE,,CAPTAIN FANTASTIC,False,
2017, 23rd Annual,CAST IN A MOTION PICTURE,ANN DOWD,CAPTAIN FANTASTIC,False,
2017, 23rd Annual,CAST IN A MOTION PICTURE,ANNALISE BASSO,CAPTAIN FANTASTIC,False,
2017, 23rd Annual,CAST IN A MOTION PICTURE,CHARLIE SHOTWELL,CAPTAIN FANTASTIC,False,
2017, 23rd Annual,CAST IN A MOTION PICTURE,ERIN MORIARTY,CAPTAIN FANTASTIC,False,
2017, 23rd Annual,CAST IN A MOTION PICTURE,FRANK LANGELLA,CAPTAIN FANTASTIC,False,
2017, 23rd Annual,CAST IN A MOTION PICTURE,GEORGE MacKAY,CAPTAIN FANTASTIC,False,
2017, 23rd Annual,CAST IN A MOTION PICTURE,KATHRYN HAHN,CAPTAIN FANTASTIC,False,
2017, 23rd Annual,CAST IN A MOTION PICTURE,MISSI PYLE,CAPTAIN FANTASTIC,False,
2017, 23rd Annual,CAST IN A MOTION PICTURE,NICHOLAS HAMILTON,CAPTAIN FANTASTIC,False,
2017, 23rd Annual,CAST IN A MOTION PICTURE,SAMANTHA ISLER,CAPTAIN FANTASTIC,False,
2017, 23rd Annual,CAST IN A MOTION PICTURE,SHREE COOKS,CAPTAIN FANTASTIC,False,
2017, 23rd Annual,CAST IN A MOTION PICTURE,STEVE ZAHN,CAPTAIN FANTASTIC,False,
2017, 23rd Annual,CAST IN A MOTION PICTURE,VIGGO MORTENSEN,CAPTAIN FANTASTIC,False,
2017, 23rd Annual,CAST IN A MOTION PICTURE,,FENCES,False,
2017, 23rd Annual,CAST IN A MOTION PICTURE,DENZEL WASHINGTON,FENCES,False,
2017, 23rd Annual,CAST IN A MOTION PICTURE,JOVAN ADEPO,FENCES,False,
2017, 23rd Annual,CAST IN A MOTION PICTURE,MYKELTI WILLIAMSON,FENCES,False,
2017, 23rd Annual,CAST IN A MOTION PICTURE,RUSSELL HORNSBY,FENCES,False,
2017, 23rd Annual,CAST IN A MOTION PICTURE,SANIYYA SIDNEY,FENCES,False,
2017, 23rd Annual,CAST IN A MOTION PICTURE,STEPHEN McKINLEY HENDERSON,FENCES,False,
2017, 23rd Annual,CAST IN A MOTION PICTURE,VIOLA DAVIS,FENCES,False,
2017, 23rd Annual,CAST IN A MOTION PICTURE,,HIDDEN FIGURES,True,
2017, 23rd Annual,CAST IN A MOTION PICTURE,ALDIS HODGE,HIDDEN FIGURES,True,
2017, 23rd Annual,CAST IN A MOTION PICTURE,GLEN POWELL,HIDDEN FIGURES,True,
2017, 23rd Annual,CAST IN A MOTION PICTURE,JANELLE MON??E,HIDDEN FIGURES,True,
2017, 23rd Annual,CAST IN A MOTION PICTURE,JIM PARSONS,HIDDEN FIGURES,True,
2017, 23rd Annual,CAST IN A MOTION PICTURE,KEVIN COSTNER,HIDDEN FIGURES,True,
2017, 23rd Annual,CAST IN A MOTION PICTURE,KIRSTEN DUNST,HIDDEN FIGURES,True,
2017, 23rd Annual,CAST IN A MOTION PICTURE,MAHERSHALA ALI,HIDDEN FIGURES,True,
2017, 23rd Annual,CAST IN A MOTION PICTURE,OCTAVIA SPENCER,HIDDEN FIGURES,True,
2017, 23rd Annual,CAST IN A MOTION PICTURE,TARAJI P. HENSON,HIDDEN FIGURES,True,
2017, 23rd Annual,CAST IN A MOTION PICTURE,,MANCHESTER BY THE SEA,False,
2017, 23rd Annual,CAST IN A MOTION PICTURE,CASEY AFFLECK,MANCHESTER BY THE SEA,False,
2017, 23rd Annual,CAST IN A MOTION PICTURE,GRETCHEN MOL,MANCHESTER BY THE SEA,False,
2017, 23rd Annual,CAST IN A MOTION PICTURE,KYLE CHANDLER,MANCHESTER BY THE SEA,False,
2017, 23rd Annual,CAST IN A MOTION PICTURE,LUCAS HEDGES,MANCHESTER BY THE SEA,False,
2017, 23rd Annual,CAST IN A MOTION PICTURE,MATTHEW BRODERICK,MANCHESTER BY THE SEA,False,
2017, 23rd Annual,CAST IN A MOTION PICTURE,MICHELLE WILLIAMS,MANCHESTER BY THE SEA,False,
2017, 23rd Annual,CAST IN A MOTION PICTURE,,MOONLIGHT,False,
2017, 23rd Annual,CAST IN A MOTION PICTURE,ANDR?? HOLLAND,MOONLIGHT,False,
2017, 23rd Annual,CAST IN A MOTION PICTURE,ASHTON SANDERS,MOONLIGHT,False,
2017, 23rd Annual,CAST IN A MOTION PICTURE,JANELLE MON??E,MOONLIGHT,False,
2017, 23rd Annual,CAST IN A MOTION PICTURE,JHARREL JEROME,MOONLIGHT,False,
2017, 23rd Annual,CAST IN A MOTION PICTURE,MAHERSHALA ALI,MOONLIGHT,False,
2017, 23rd Annual,CAST IN A MOTION PICTURE,NAOMIE HARRIS,MOONLIGHT,False,
2017, 23rd Annual,CAST IN A MOTION PICTURE,TREVANTE RHODES,MOONLIGHT,False,
2017, 23rd Annual,ENSEMBLE IN A COMEDY SERIES,,BLACK-ISH,False,
2017, 23rd Annual,ENSEMBLE IN A COMEDY SERIES,ANTHONY ANDERSON,BLACK-ISH,False,
2017, 23rd Annual,ENSEMBLE IN A COMEDY SERIES,DEON COLE,BLACK-ISH,False,
2017, 23rd Annual,ENSEMBLE IN A COMEDY SERIES,JEFF MEACHAM,BLACK-ISH,False,
2017, 23rd Annual,ENSEMBLE IN A COMEDY SERIES,JENIFER LEWIS,BLACK-ISH,False,
2017, 23rd Annual,ENSEMBLE IN A COMEDY SERIES,LAURENCE FISHBURNE,BLACK-ISH,False,
2017, 23rd Annual,ENSEMBLE IN A COMEDY SERIES,MARCUS SCRIBNER,BLACK-ISH,False,
2017, 23rd Annual,ENSEMBLE IN A COMEDY SERIES,MARSAI MARTIN,BLACK-ISH,False,
2017, 23rd Annual,ENSEMBLE IN A COMEDY SERIES,MILES BROWN,BLACK-ISH,False,
2017, 23rd Annual,ENSEMBLE IN A COMEDY SERIES,PETER MACKENZIE,BLACK-ISH,False,
2017, 23rd Annual,ENSEMBLE IN A COMEDY SERIES,TRACEE ELLIS ROSS,BLACK-ISH,False,
2017, 23rd Annual,ENSEMBLE IN A COMEDY SERIES,YARA SHAHIDI,BLACK-ISH,False,
2017, 23rd Annual,ENSEMBLE IN A COMEDY SERIES,,MODERN FAMILY,False,
2017, 23rd Annual,ENSEMBLE IN A COMEDY SERIES,ARIEL WINTER,MODERN FAMILY,False,
2017, 23rd Annual,ENSEMBLE IN A COMEDY SERIES,AUBREY ANDERSON-EMMONS,MODERN FAMILY,False,
2017, 23rd Annual,ENSEMBLE IN A COMEDY SERIES,ED O'NEILL,MODERN FAMILY,False,
2017, 23rd Annual,ENSEMBLE IN A COMEDY SERIES,ERIC STONESTREET,MODERN FAMILY,False,
2017, 23rd Annual,ENSEMBLE IN A COMEDY SERIES,JEREMY MAGUIRE,MODERN FAMILY,False,
2017, 23rd Annual,ENSEMBLE IN A COMEDY SERIES,JESSE TYLER FERGUSON,MODERN FAMILY,False,
2017, 23rd Annual,ENSEMBLE IN A COMEDY SERIES,JULIE BOWEN,MODERN FAMILY,False,
2017, 23rd Annual,ENSEMBLE IN A COMEDY SERIES,NOLAN GOULD,MODERN FAMILY,False,
2017, 23rd Annual,ENSEMBLE IN A COMEDY SERIES,RICO RODRIGUEZ,MODERN FAMILY,False,
2017, 23rd Annual,ENSEMBLE IN A COMEDY SERIES,SARAH HYLAND,MODERN FAMILY,False,
2017, 23rd Annual,ENSEMBLE IN A COMEDY SERIES,SOFIA VERGARA,MODERN FAMILY,False,
2017, 23rd Annual,ENSEMBLE IN A COMEDY SERIES,TY BURRELL,MODERN FAMILY,False,
2017, 23rd Annual,ENSEMBLE IN A COMEDY SERIES,,ORANGE IS THE NEW BLACK,True,
2017, 23rd Annual,ENSEMBLE IN A COMEDY SERIES,ABIGAIL SAVAGE,ORANGE IS THE NEW BLACK,True,
2017, 23rd Annual,ENSEMBLE IN A COMEDY SERIES,ADRIENNE C. MOORE,ORANGE IS THE NEW BLACK,True,
2017, 23rd Annual,ENSEMBLE IN A COMEDY SERIES,ALAN AISENBERG,ORANGE IS THE NEW BLACK,True,
2017, 23rd Annual,ENSEMBLE IN A COMEDY SERIES,ANNIE GOLDEN,ORANGE IS THE NEW BLACK,True,
2017, 23rd Annual,ENSEMBLE IN A COMEDY SERIES,BETH DOVER,ORANGE IS THE NEW BLACK,True,
2017, 23rd Annual,ENSEMBLE IN A COMEDY SERIES,BLAIR BROWN,ORANGE IS THE NEW BLACK,True,
2017, 23rd Annual,ENSEMBLE IN A COMEDY SERIES,BRAD WILLIAM HENKE,ORANGE IS THE NEW BLACK,True,
2017, 23rd Annual,ENSEMBLE IN A COMEDY SERIES,CONSTANCE SHULMAN,ORANGE IS THE NEW BLACK,True,
2017, 23rd Annual,ENSEMBLE IN A COMEDY SERIES,DALE SOULES,ORANGE IS THE NEW BLACK,True,
2017, 23rd Annual,ENSEMBLE IN A COMEDY SERIES,DANIELLE BROOKS,ORANGE IS THE NEW BLACK,True,
2017, 23rd Annual,ENSEMBLE IN A COMEDY SERIES,DASCHA POLANCO,ORANGE IS THE NEW BLACK,True,
2017, 23rd Annual,ENSEMBLE IN A COMEDY SERIES,DIANE GUERRERO,ORANGE IS THE NEW BLACK,True,
2017, 23rd Annual,ENSEMBLE IN A COMEDY SERIES,ELIZABETH RODRIGUEZ,ORANGE IS THE NEW BLACK,True,
2017, 23rd Annual,ENSEMBLE IN A COMEDY SERIES,EMMA MYLES,ORANGE IS THE NEW BLACK,True,
2017, 23rd Annual,ENSEMBLE IN A COMEDY SERIES,JACKIE CRUZ,ORANGE IS THE NEW BLACK,True,
2017, 23rd Annual,ENSEMBLE IN A COMEDY SERIES,JAMES McMENAMIN,ORANGE IS THE NEW BLACK,True,
2017, 23rd Annual,ENSEMBLE IN A COMEDY SERIES,JESSICA PIMENTEL,ORANGE IS THE NEW BLACK,True,
2017, 23rd Annual,ENSEMBLE IN A COMEDY SERIES,JOLEN PURDY,ORANGE IS THE NEW BLACK,True,
2017, 23rd Annual,ENSEMBLE IN A COMEDY SERIES,JULIE LAKE,ORANGE IS THE NEW BLACK,True,
2017, 23rd Annual,ENSEMBLE IN A COMEDY SERIES,KATE MULGREW,ORANGE IS THE NEW BLACK,True,
2017, 23rd Annual,ENSEMBLE IN A COMEDY SERIES,KIMIKO GLENN,ORANGE IS THE NEW BLACK,True,
2017, 23rd Annual,ENSEMBLE IN A COMEDY SERIES,LAURA GOMEZ,ORANGE IS THE NEW BLACK,True,
2017, 23rd Annual,ENSEMBLE IN A COMEDY SERIES,LAURA PREPON,ORANGE IS THE NEW BLACK,True,
2017, 23rd Annual,ENSEMBLE IN A COMEDY SERIES,LEA DeLARIA,ORANGE IS THE NEW BLACK,True,
2017, 23rd Annual,ENSEMBLE IN A COMEDY SERIES,LIN TUCCI,ORANGE IS THE NEW BLACK,True,
2017, 23rd Annual,ENSEMBLE IN A COMEDY SERIES,LORI PETTY,ORANGE IS THE NEW BLACK,True,
2017, 23rd Annual,ENSEMBLE IN A COMEDY SERIES,MATT PETERS,ORANGE IS THE NEW BLACK,True,
2017, 23rd Annual,ENSEMBLE IN A COMEDY SERIES,MICHAEL J. HARNEY,ORANGE IS THE NEW BLACK,True,
2017, 23rd Annual,ENSEMBLE IN A COMEDY SERIES,NATASHA LYONNE,ORANGE IS THE NEW BLACK,True,
2017, 23rd Annual,ENSEMBLE IN A COMEDY SERIES,NICK SANDOW,ORANGE IS THE NEW BLACK,True,
2017, 23rd Annual,ENSEMBLE IN A COMEDY SERIES,SAMIRA WILEY,ORANGE IS THE NEW BLACK,True,
2017, 23rd Annual,ENSEMBLE IN A COMEDY SERIES,SELENIS LEYVA,ORANGE IS THE NEW BLACK,True,
2017, 23rd Annual,ENSEMBLE IN A COMEDY SERIES,TARYN MANNING,ORANGE IS THE NEW BLACK,True,
2017, 23rd Annual,ENSEMBLE IN A COMEDY SERIES,TAYLOR SCHILLING,ORANGE IS THE NEW BLACK,True,
2017, 23rd Annual,ENSEMBLE IN A COMEDY SERIES,UZO ADUBA,ORANGE IS THE NEW BLACK,True,
2017, 23rd Annual,ENSEMBLE IN A COMEDY SERIES,VICKY JEUDY,ORANGE IS THE NEW BLACK,True,
2017, 23rd Annual,ENSEMBLE IN A COMEDY SERIES,YAEL STONE,ORANGE IS THE NEW BLACK,True,
2017, 23rd Annual,ENSEMBLE IN A COMEDY SERIES,,THE BIG BANG THEORY,False,
2017, 23rd Annual,ENSEMBLE IN A COMEDY SERIES,JIM PARSONS,THE BIG BANG THEORY,False,
2017, 23rd Annual,ENSEMBLE IN A COMEDY SERIES,JOHNNY GALECKI,THE BIG BANG THEORY,False,
2017, 23rd Annual,ENSEMBLE IN A COMEDY SERIES,KALEY CUOCO,THE BIG BANG THEORY,False,
2017, 23rd Annual,ENSEMBLE IN A COMEDY SERIES,KUNAL NAYYAR,THE BIG BANG THEORY,False,
2017, 23rd Annual,ENSEMBLE IN A COMEDY SERIES,MAYIM BALIK,THE BIG BANG THEORY,False,
2017, 23rd Annual,ENSEMBLE IN A COMEDY SERIES,MELISSA RAUCH,THE BIG BANG THEORY,False,
2017, 23rd Annual,ENSEMBLE IN A COMEDY SERIES,SIMON HELBERG,THE BIG BANG THEORY,False,
2017, 23rd Annual,ENSEMBLE IN A COMEDY SERIES,,VEEP,False,
2017, 23rd Annual,ENSEMBLE IN A COMEDY SERIES,ANNA CHLUMSKY,VEEP,False,
2017, 23rd Annual,ENSEMBLE IN A COMEDY SERIES,CLEA DUVALL,VEEP,False,
2017, 23rd Annual,ENSEMBLE IN A COMEDY SERIES,DAN BAKKEDAHL,VEEP,False,
2017, 23rd Annual,ENSEMBLE IN A COMEDY SERIES,GARY COLE,VEEP,False,
2017, 23rd Annual,ENSEMBLE IN A COMEDY SERIES,HUGH LAURIE,VEEP,False,
2017, 23rd Annual,ENSEMBLE IN A COMEDY SERIES,JOHN SLATTERY,VEEP,False,
2017, 23rd Annual,ENSEMBLE IN A COMEDY SERIES,JULIA LOUIS-DREYFUS,VEEP,False,
2017, 23rd Annual,ENSEMBLE IN A COMEDY SERIES,KEVIN DUNN,VEEP,False,
2017, 23rd Annual,ENSEMBLE IN A COMEDY SERIES,MATT WALSH,VEEP,False,
2017, 23rd Annual,ENSEMBLE IN A COMEDY SERIES,NELSON FRANKLIN,VEEP,False,
2017, 23rd Annual,ENSEMBLE IN A COMEDY SERIES,REID SCOTT,VEEP,False,
2017, 23rd Annual,ENSEMBLE IN A COMEDY SERIES,SAM RICHARDSON,VEEP,False,
2017, 23rd Annual,ENSEMBLE IN A COMEDY SERIES,SARAH SUTHERLAND,VEEP,False,
2017, 23rd Annual,ENSEMBLE IN A COMEDY SERIES,SUFE BRADSHAW,VEEP,False,
2017, 23rd Annual,ENSEMBLE IN A COMEDY SERIES,TIMOTHY SIMONS,VEEP,False,
2017, 23rd Annual,ENSEMBLE IN A COMEDY SERIES,TONY HALE,VEEP,False,
2017, 23rd Annual,ENSEMBLE IN A COMEDY SERIES,WAYNE WILDERSON,VEEP,False,
2017, 23rd Annual,ENSEMBLE IN A DRAMA SERIES,,DOWNTON ABBEY,False,
2017, 23rd Annual,ENSEMBLE IN A DRAMA SERIES,ALLEN LEECH,DOWNTON ABBEY,False,
2017, 23rd Annual,ENSEMBLE IN A DRAMA SERIES,BRENDAN COYLE,DOWNTON ABBEY,False,
2017, 23rd Annual,ENSEMBLE IN A DRAMA SERIES,DAVID ROBB,DOWNTON ABBEY,False,
2017, 23rd Annual,ENSEMBLE IN A DRAMA SERIES,DOUGLAS REITH,DOWNTON ABBEY,False,
2017, 23rd Annual,ENSEMBLE IN A DRAMA SERIES,ELIZABETH McGOVERN,DOWNTON ABBEY,False,
2017, 23rd Annual,ENSEMBLE IN A DRAMA SERIES,HARRY HADDEN-PATON,DOWNTON ABBEY,False,
2017, 23rd Annual,ENSEMBLE IN A DRAMA SERIES,HOWARD WARD,DOWNTON ABBEY,False,
2017, 23rd Annual,ENSEMBLE IN A DRAMA SERIES,HUGH BONNEVILLE,DOWNTON ABBEY,False,
2017, 23rd Annual,ENSEMBLE IN A DRAMA SERIES,JEREMY SWIFT,DOWNTON ABBEY,False,
2017, 23rd Annual,ENSEMBLE IN A DRAMA SERIES,JIM CARTER,DOWNTON ABBEY,False,
2017, 23rd Annual,ENSEMBLE IN A DRAMA SERIES,JOANNE FROGGATT,DOWNTON ABBEY,False,
2017, 23rd Annual,ENSEMBLE IN A DRAMA SERIES,KEVIN DOYLE,DOWNTON ABBEY,False,
2017, 23rd Annual,ENSEMBLE IN A DRAMA SERIES,LAURA CARMICHAEL,DOWNTON ABBEY,False,
2017, 23rd Annual,ENSEMBLE IN A DRAMA SERIES,LESLEY NICOL,DOWNTON ABBEY,False,
2017, 23rd Annual,ENSEMBLE IN A DRAMA SERIES,MAGGIE SMITH,DOWNTON ABBEY,False,
2017, 23rd Annual,ENSEMBLE IN A DRAMA SERIES,MATTHEW GOODE,DOWNTON ABBEY,False,
2017, 23rd Annual,ENSEMBLE IN A DRAMA SERIES,MICHAEL FOX,DOWNTON ABBEY,False,
2017, 23rd Annual,ENSEMBLE IN A DRAMA SERIES,MICHELLE DOCKERY,DOWNTON ABBEY,False,
2017, 23rd Annual,ENSEMBLE IN A DRAMA SERIES,PATRICK BRENNAN,DOWNTON ABBEY,False,
2017, 23rd Annual,ENSEMBLE IN A DRAMA SERIES,PAUL COPLEY,DOWNTON ABBEY,False,
2017, 23rd Annual,ENSEMBLE IN A DRAMA SERIES,PENELOPE WILTON,DOWNTON ABBEY,False,
2017, 23rd Annual,ENSEMBLE IN A DRAMA SERIES,PHYLLIS LOGAN,DOWNTON ABBEY,False,
2017, 23rd Annual,ENSEMBLE IN A DRAMA SERIES,RAQUEL CASSIDY,DOWNTON ABBEY,False,
2017, 23rd Annual,ENSEMBLE IN A DRAMA SERIES,ROBERT JAMES-COLLIER,DOWNTON ABBEY,False,
2017, 23rd Annual,ENSEMBLE IN A DRAMA SERIES,SAMANTHA BOND,DOWNTON ABBEY,False,
2017, 23rd Annual,ENSEMBLE IN A DRAMA SERIES,SOPHIE McSHERA,DOWNTON ABBEY,False,
2017, 23rd Annual,ENSEMBLE IN A DRAMA SERIES,SUE JOHNSTON,DOWNTON ABBEY,False,
2017, 23rd Annual,ENSEMBLE IN A DRAMA SERIES,,GAME OF THRONES,False,
2017, 23rd Annual,ENSEMBLE IN A DRAMA SERIES,ALFIE ALLEN,GAME OF THRONES,False,
2017, 23rd Annual,ENSEMBLE IN A DRAMA SERIES,CARICE VAN HOUTEN,GAME OF THRONES,False,
2017, 23rd Annual,ENSEMBLE IN A DRAMA SERIES,CONLETH HILL,GAME OF THRONES,False,
2017, 23rd Annual,ENSEMBLE IN A DRAMA SERIES,DEAN CHARLES CHAPMAN,GAME OF THRONES,False,
2017, 23rd Annual,ENSEMBLE IN A DRAMA SERIES,EMILIA CLARKE,GAME OF THRONES,False,
2017, 23rd Annual,ENSEMBLE IN A DRAMA SERIES,FAYE MARSAY,GAME OF THRONES,False,
2017, 23rd Annual,ENSEMBLE IN A DRAMA SERIES,GEMMA WHELAN,GAME OF THRONES,False,
2017, 23rd Annual,ENSEMBLE IN A DRAMA SERIES,JACOB ANDERSON,GAME OF THRONES,False,
2017, 23rd Annual,ENSEMBLE IN A DRAMA SERIES,JONATHAN PRYCE,GAME OF THRONES,False,
2017, 23rd Annual,ENSEMBLE IN A DRAMA SERIES,KIT HARINGTON,GAME OF THRONES,False,
2017, 23rd Annual,ENSEMBLE IN A DRAMA SERIES,KRISTOFER HIVJU,GAME OF THRONES,False,
2017, 23rd Annual,ENSEMBLE IN A DRAMA SERIES,LENA HEADEY,GAME OF THRONES,False,
2017, 23rd Annual,ENSEMBLE IN A DRAMA SERIES,LIAM CUNNINGHAM,GAME OF THRONES,False,
2017, 23rd Annual,ENSEMBLE IN A DRAMA SERIES,MAISIE WILLIAMS,GAME OF THRONES,False,
2017, 23rd Annual,ENSEMBLE IN A DRAMA SERIES,MICHIEL HUISMAN,GAME OF THRONES,False,
2017, 23rd Annual,ENSEMBLE IN A DRAMA SERIES,NATHALIE EMMANUEL,GAME OF THRONES,False,
2017, 23rd Annual,ENSEMBLE IN A DRAMA SERIES,NIKOLAJ COSTER-WALDAU,GAME OF THRONES,False,
2017, 23rd Annual,ENSEMBLE IN A DRAMA SERIES,PETER DINKLAGE,GAME OF THRONES,False,
2017, 23rd Annual,ENSEMBLE IN A DRAMA SERIES,SOPHIE TURNER,GAME OF THRONES,False,
2017, 23rd Annual,ENSEMBLE IN A DRAMA SERIES,,STRANGER THINGS,True,
2017, 23rd Annual,ENSEMBLE IN A DRAMA SERIES,CALEB McLAUGHLIN,STRANGER THINGS,True,
2017, 23rd Annual,ENSEMBLE IN A DRAMA SERIES,CARA BUONO,STRANGER THINGS,True,
2017, 23rd Annual,ENSEMBLE IN A DRAMA SERIES,CHARLIE HEATON,STRANGER THINGS,True,
2017, 23rd Annual,ENSEMBLE IN A DRAMA SERIES,DAVID HARBOUR,STRANGER THINGS,True,
2017, 23rd Annual,ENSEMBLE IN A DRAMA SERIES,FINN WOLFHARD,STRANGER THINGS,True,
2017, 23rd Annual,ENSEMBLE IN A DRAMA SERIES,GATEN MATARAZZO,STRANGER THINGS,True,
2017, 23rd Annual,ENSEMBLE IN A DRAMA SERIES,JOE CHREST,STRANGER THINGS,True,
2017, 23rd Annual,ENSEMBLE IN A DRAMA SERIES,JOE KEERY,STRANGER THINGS,True,
2017, 23rd Annual,ENSEMBLE IN A DRAMA SERIES,JOHN PAUL REYNOLDS,STRANGER THINGS,True,
2017, 23rd Annual,ENSEMBLE IN A DRAMA SERIES,MARK STEGER,STRANGER THINGS,True,
2017, 23rd Annual,ENSEMBLE IN A DRAMA SERIES,MATTHEW MODINE,STRANGER THINGS,True,
2017, 23rd Annual,ENSEMBLE IN A DRAMA SERIES,MILLIE BOBBY BROWN,STRANGER THINGS,True,
2017, 23rd Annual,ENSEMBLE IN A DRAMA SERIES,NATALIA DYLER,STRANGER THINGS,True,
2017, 23rd Annual,ENSEMBLE IN A DRAMA SERIES,NOAH SCHNAPP,STRANGER THINGS,True,
2017, 23rd Annual,ENSEMBLE IN A DRAMA SERIES,ROB MORGAN,STRANGER THINGS,True,
2017, 23rd Annual,ENSEMBLE IN A DRAMA SERIES,WINONA RYDER,STRANGER THINGS,True,
2017, 23rd Annual,ENSEMBLE IN A DRAMA SERIES,,THE CROWN,False,
2017, 23rd Annual,ENSEMBLE IN A DRAMA SERIES,BEN MILES,THE CROWN,False,
2017, 23rd Annual,ENSEMBLE IN A DRAMA SERIES,BILLY JENKINS,THE CROWN,False,
2017, 23rd Annual,ENSEMBLE IN A DRAMA SERIES,CLAIRE FOY,THE CROWN,False,
2017, 23rd Annual,ENSEMBLE IN A DRAMA SERIES,CLIVE FRANCIS,THE CROWN,False,
2017, 23rd Annual,ENSEMBLE IN A DRAMA SERIES,DANIEL INGS,THE CROWN,False,
2017, 23rd Annual,ENSEMBLE IN A DRAMA SERIES,HARRIET WALTER,THE CROWN,False,
2017, 23rd Annual,ENSEMBLE IN A DRAMA SERIES,HARRY HADDEN-PATON,THE CROWN,False,
2017, 23rd Annual,ENSEMBLE IN A DRAMA SERIES,JARED HARRIS,THE CROWN,False,
2017, 23rd Annual,ENSEMBLE IN A DRAMA SERIES,JEREMY NORTHAM,THE CROWN,False,
2017, 23rd Annual,ENSEMBLE IN A DRAMA SERIES,JOHN LITHGOW,THE CROWN,False,
2017, 23rd Annual,ENSEMBLE IN A DRAMA SERIES,LIZZY McINNERNY,THE CROWN,False,
2017, 23rd Annual,ENSEMBLE IN A DRAMA SERIES,MATT SMITH,THE CROWN,False,
2017, 23rd Annual,ENSEMBLE IN A DRAMA SERIES,NICHOLAS ROWE,THE CROWN,False,
2017, 23rd Annual,ENSEMBLE IN A DRAMA SERIES,PIP TORRENS,THE CROWN,False,
2017, 23rd Annual,ENSEMBLE IN A DRAMA SERIES,VANESSA KIRBY,THE CROWN,False,
2017, 23rd Annual,ENSEMBLE IN A DRAMA SERIES,VICTORIA HAMILTON,THE CROWN,False,
2017, 23rd Annual,ENSEMBLE IN A DRAMA SERIES,,WESTWORLD,False,
2017, 23rd Annual,ENSEMBLE IN A DRAMA SERIES,ANGELA SARAFYAN,WESTWORLD,False,
2017, 23rd Annual,ENSEMBLE IN A DRAMA SERIES,ANTHONY HOPKINS,WESTWORLD,False,
2017, 23rd Annual,ENSEMBLE IN A DRAMA SERIES,BENN BARNES,WESTWORLD,False,
2017, 23rd Annual,ENSEMBLE IN A DRAMA SERIES,ED HARRIS,WESTWORLD,False,
2017, 23rd Annual,ENSEMBLE IN A DRAMA SERIES,EVAN RACHEL WOOD,WESTWORLD,False,
2017, 23rd Annual,ENSEMBLE IN A DRAMA SERIES,INGRID BOLS?? BERDAL,WESTWORLD,False,
2017, 23rd Annual,ENSEMBLE IN A DRAMA SERIES,JAMES MARSDEN,WESTWORLD,False,
2017, 23rd Annual,ENSEMBLE IN A DRAMA SERIES,JEFFREY WRIGHT,WESTWORLD,False,
2017, 23rd Annual,ENSEMBLE IN A DRAMA SERIES,JIMMI SIMPSON,WESTWORLD,False,
2017, 23rd Annual,ENSEMBLE IN A DRAMA SERIES,LEONARDO NAM,WESTWORLD,False,
2017, 23rd Annual,ENSEMBLE IN A DRAMA SERIES,LUKE HEMSWORTH,WESTWORLD,False,
2017, 23rd Annual,ENSEMBLE IN A DRAMA SERIES,PTOLEMY SLOCUM,WESTWORLD,False,
2017, 23rd Annual,ENSEMBLE IN A DRAMA SERIES,RODRIGO SANTORO,WESTWORLD,False,
2017, 23rd Annual,ENSEMBLE IN A DRAMA SERIES,SHANNON WOODWARD,WESTWORLD,False,
2017, 23rd Annual,ENSEMBLE IN A DRAMA SERIES,SIDSE BABETT KNUDSEN,WESTWORLD,False,
2017, 23rd Annual,ENSEMBLE IN A DRAMA SERIES,TALULAH RILEY,WESTWORLD,False,
2017, 23rd Annual,ENSEMBLE IN A DRAMA SERIES,THANDIE NEWTON,WESTWORLD,False,
2017, 23rd Annual,FEMALE COMEDY,JANE FONDA,GRACE AND FRANKIE,False,
2017, 23rd Annual,FEMALE COMEDY,LILY TOMLIN,GRACE AND FRANKIE,False,
2017, 23rd Annual,FEMALE COMEDY,UZO ADUBA,ORANGE IS THE NEW BLACK,False,
2017, 23rd Annual,FEMALE COMEDY,ELLIE KEMPER,UNBREAKABLE KIMMY SCHMIDT,False,
2017, 23rd Annual,FEMALE COMEDY,JULIA LOUIS-DREYFUS,VEEP,True,
2017, 23rd Annual,FEMALE DRAMA,ROBIN WRIGHT,HOUSE OF CARDS,False,
2017, 23rd Annual,FEMALE DRAMA,MILLIE BOBBY BROWN,STRANGER THINGS,False,
2017, 23rd Annual,FEMALE DRAMA,WINONA RYDER,STRANGER THINGS,False,
2017, 23rd Annual,FEMALE DRAMA,CLAIRE FOY,THE CROWN,True,
2017, 23rd Annual,FEMALE DRAMA,THANDIE NEWTON,WESTWORLD,False,
2017, 23rd Annual,FEMALE LEAD,AMY ADAMS,ARRIVAL,False,
2017, 23rd Annual,FEMALE LEAD,MERYL STREEP,FLORENCE FOSTER JENKINS,False,
2017, 23rd Annual,FEMALE LEAD,NATALIE PORTMAN,JACKIE,False,
2017, 23rd Annual,FEMALE LEAD,EMMA STONE,LA LA LAND,True,
2017, 23rd Annual,FEMALE LEAD,EMILY BLUNT,THE GIRL ON THE TRAIN,False,
2017, 23rd Annual,FEMALE SUPPORT,VIOLA DAVIS,FENCES,True,
2017, 23rd Annual,FEMALE SUPPORT,OCTAVIA SPENCER,HIDDEN FIGURES,False,
2017, 23rd Annual,FEMALE SUPPORT,NICOLE KIDMAN,LION,False,
2017, 23rd Annual,FEMALE SUPPORT,MICHELLE WILLIAMS,MANCHESTER BY THE SEA,False,
2017, 23rd Annual,FEMALE SUPPORT,NAOMIE HARRIS,MOONLIGHT,False,
2017, 23rd Annual,FEMALE TV MOVIE OR LIMITED SERIES,FELICITY HUFFMAN,AMERICAN CRIME,False,
2017, 23rd Annual,FEMALE TV MOVIE OR LIMITED SERIES,BRYCE DALLAS HOWARD,BLACK MIRROR,False,
2017, 23rd Annual,FEMALE TV MOVIE OR LIMITED SERIES,KERRY WASHINGTON,CONFIRMATION,False,
2017, 23rd Annual,FEMALE TV MOVIE OR LIMITED SERIES,AUDRA MCDONALD,LADY DAY AT EMERSON'S BAR & GRILL,False,
2017, 23rd Annual,FEMALE TV MOVIE OR LIMITED SERIES,SARAH PAULSON,THE PEOPLE V. O.J. SIMPSON: AMERICAN CRIME STORY,True,
2017, 23rd Annual,MALE COMEDY,ANTHONY ANDERSON,BLACK-ISH,False,
2017, 23rd Annual,MALE COMEDY,TY BURRELL,MODERN FAMILY,False,
2017, 23rd Annual,MALE COMEDY,WILLIAM H. MACY,SHAMELESS,True,
2017, 23rd Annual,MALE COMEDY,JEFFREY TAMBOR,TANSPARENT,False,
2017, 23rd Annual,MALE COMEDY,TITUSS BURGESS,UNBREAKABLE KIMMY SCHMIDT,False,
2017, 23rd Annual,MALE DRAMA,PETER DINKLAGE,GAME OF THRONES,False,
2017, 23rd Annual,MALE DRAMA,KEVIN SPACEY,HOUSE OF CARDS,False,
2017, 23rd Annual,MALE DRAMA,RAMI MALEK,MR. ROBOT,False,
2017, 23rd Annual,MALE DRAMA,JOHN LITHGOW,THE CROWN,True,
2017, 23rd Annual,MALE DRAMA,STERLING K. BROWN,THIS IS US,False,
2017, 23rd Annual,MALE LEAD,VIGGO MORTENSEN,CAPTAIN FANTASTIC,False,
2017, 23rd Annual,MALE LEAD,DENZEL WASHINGTON,FENCES,True,
2017, 23rd Annual,MALE LEAD,ANDREW GARFIELD,HACKSAW RIDGE,False,
2017, 23rd Annual,MALE LEAD,RYAN GOSLING,LA LA LAND,False,
2017, 23rd Annual,MALE LEAD,CASEY AFFLECK,MANCHESTER BY THE SEA,False,
2017, 23rd Annual,MALE SUPPORT,HUGH GRANT,FLORENCE FOSTER JENKINS,False,
2017, 23rd Annual,MALE SUPPORT,JEFF BRIDGES,HELL OR HIGH WATER,False,
2017, 23rd Annual,MALE SUPPORT,DEV PATEL,LION,False,
2017, 23rd Annual,MALE SUPPORT,LUCAS HEDGES,MANCHESTER BY THE SEA,False,
2017, 23rd Annual,MALE SUPPORT,MAHERSHALA ALI,MOONLIGHT,True,
2017, 23rd Annual,MALE TV MOVIE OR LIMITED SERIES,BRYAN CRANSTON,ALL THE WAY,True,
2017, 23rd Annual,MALE TV MOVIE OR LIMITED SERIES,JON TURTURRO,THE NIGHT OF,False,
2017, 23rd Annual,MALE TV MOVIE OR LIMITED SERIES,RIZ AHMED,THE NIGHT OF,False,
2017, 23rd Annual,MALE TV MOVIE OR LIMITED SERIES,COURTNEY B. VANCE,THE PEOPLE V. O.J. SIMPSON: AMERICAN CRIME STORY,False,
2017, 23rd Annual,MALE TV MOVIE OR LIMITED SERIES,STERLING K. BROWN,THE PEOPLE V. O.J. SIMPSON: AMERICAN CRIME STORY,False,
2017, 23rd Annual,STUNT ENSEMBLE IN A MOTION PICTURE,,CAPTAIN AMERICA: CIVIL WAR,False,
2017, 23rd Annual,STUNT ENSEMBLE IN A MOTION PICTURE,,DOCTOR STRANGE,False,
2017, 23rd Annual,STUNT ENSEMBLE IN A MOTION PICTURE,,HACKSAW RIDGE,True,
2017, 23rd Annual,STUNT ENSEMBLE IN A MOTION PICTURE,,JASON BOURNE,False,
2017, 23rd Annual,STUNT ENSEMBLE IN A MOTION PICTURE,,NOCTURNAL ANIMALS,False,
2017, 23rd Annual,STUNT ENSEMBLE IN A SERIES,,GAME OF THRONES,True,
2017, 23rd Annual,STUNT ENSEMBLE IN A SERIES,,MARVEL'S DAREDEVIL,False,
2017, 23rd Annual,STUNT ENSEMBLE IN A SERIES,,MARVEL'S LUKE CAGE,False,
2017, 23rd Annual,STUNT ENSEMBLE IN A SERIES,,THE WALKING DEAD,False,
2017, 23rd Annual,STUNT ENSEMBLE IN A SERIES,,WESTWORLD,False,
2016, 22nd Annual,CAST IN A MOTION PICTURE,,BEASTS OF NO NATION,False,
2016, 22nd Annual,CAST IN A MOTION PICTURE,ABRAHAM ATTAH,BEASTS OF NO NATION,False,
2016, 22nd Annual,CAST IN A MOTION PICTURE,IDRIS ELBA,BEASTS OF NO NATION,False,
2016, 22nd Annual,CAST IN A MOTION PICTURE,KURT EGYIAWAN,BEASTS OF NO NATION,False,
2016, 22nd Annual,CAST IN A MOTION PICTURE,,SPOTLIGHT,True,
2016, 22nd Annual,CAST IN A MOTION PICTURE,BILLY CRUDUP,SPOTLIGHT,True,
2016, 22nd Annual,CAST IN A MOTION PICTURE,BRIAN D'ARCY JAMES,SPOTLIGHT,True,
2016, 22nd Annual,CAST IN A MOTION PICTURE,JOHN SLATTERY,SPOTLIGHT,True,
2016, 22nd Annual,CAST IN A MOTION PICTURE,LIEV SCHREIBER,SPOTLIGHT,True,
2016, 22nd Annual,CAST IN A MOTION PICTURE,MARK RUFFALO,SPOTLIGHT,True,
2016, 22nd Annual,CAST IN A MOTION PICTURE,MICHAEL KEATON,SPOTLIGHT,True,
2016, 22nd Annual,CAST IN A MOTION PICTURE,RACHEL McADAMS,SPOTLIGHT,True,
2016, 22nd Annual,CAST IN A MOTION PICTURE,STANLEY TUCCI,SPOTLIGHT,True,
2016, 22nd Annual,CAST IN A MOTION PICTURE,,STRAIGHT OUTTA COMPTON,False,
2016, 22nd Annual,CAST IN A MOTION PICTURE,ALDIS HODGE,STRAIGHT OUTTA COMPTON,False,
2016, 22nd Annual,CAST IN A MOTION PICTURE,COREY HAWKINS,STRAIGHT OUTTA COMPTON,False,
2016, 22nd Annual,CAST IN A MOTION PICTURE,JASON MITCHELL,STRAIGHT OUTTA COMPTON,False,
2016, 22nd Annual,CAST IN A MOTION PICTURE,"NEIL BROWN, JR.",STRAIGHT OUTTA COMPTON,False,
2016, 22nd Annual,CAST IN A MOTION PICTURE,"O'SHEA JACKSON, JR.",STRAIGHT OUTTA COMPTON,False,
2016, 22nd Annual,CAST IN A MOTION PICTURE,PAUL GIAMATTI,STRAIGHT OUTTA COMPTON,False,
2016, 22nd Annual,CAST IN A MOTION PICTURE,,THE BIG SHORT,False,
2016, 22nd Annual,CAST IN A MOTION PICTURE,BRAD PITT,THE BIG SHORT,False,
2016, 22nd Annual,CAST IN A MOTION PICTURE,CHRISTIAN BALE,THE BIG SHORT,False,
2016, 22nd Annual,CAST IN A MOTION PICTURE,FINN WITTROCK,THE BIG SHORT,False,
2016, 22nd Annual,CAST IN A MOTION PICTURE,HAMISH LINKLATER,THE BIG SHORT,False,
2016, 22nd Annual,CAST IN A MOTION PICTURE,JEREMY STRONG,THE BIG SHORT,False,
2016, 22nd Annual,CAST IN A MOTION PICTURE,JOHN MAGARO,THE BIG SHORT,False,
2016, 22nd Annual,CAST IN A MOTION PICTURE,MARISA TOMEI,THE BIG SHORT,False,
2016, 22nd Annual,CAST IN A MOTION PICTURE,MELISSA LEO,THE BIG SHORT,False,
2016, 22nd Annual,CAST IN A MOTION PICTURE,RAFE SPALL,THE BIG SHORT,False,
2016, 22nd Annual,CAST IN A MOTION PICTURE,RYAN GOSLING,THE BIG SHORT,False,
2016, 22nd Annual,CAST IN A MOTION PICTURE,STEVE CARELL,THE BIG SHORT,False,
2016, 22nd Annual,CAST IN A MOTION PICTURE,,TRUMBO,False,
2016, 22nd Annual,CAST IN A MOTION PICTURE,ADEWALE AKINNUOYE-AGBAJE,TRUMBO,False,
2016, 22nd Annual,CAST IN A MOTION PICTURE,ALAN TUDYK,TRUMBO,False,
2016, 22nd Annual,CAST IN A MOTION PICTURE,BRYAN CRANSTON,TRUMBO,False,
2016, 22nd Annual,CAST IN A MOTION PICTURE,DAVID JAMES ELLIOTT,TRUMBO,False,
2016, 22nd Annual,CAST IN A MOTION PICTURE,DIANE LANE,TRUMBO,False,
2016, 22nd Annual,CAST IN A MOTION PICTURE,ELLE FANNING,TRUMBO,False,
2016, 22nd Annual,CAST IN A MOTION PICTURE,HELEN MIRREN,TRUMBO,False,
2016, 22nd Annual,CAST IN A MOTION PICTURE,JOHN GOODMAN,TRUMBO,False,
2016, 22nd Annual,CAST IN A MOTION PICTURE,LOUIS C.K.,TRUMBO,False,
2016, 22nd Annual,CAST IN A MOTION PICTURE,MICHAEL STUHLBARG,TRUMBO,False,
2016, 22nd Annual,ENSEMBLE IN A COMEDY SERIES,,KEY & PEELE,False,
2016, 22nd Annual,ENSEMBLE IN A COMEDY SERIES,JORDAN PEELE,KEY & PEELE,False,
2016, 22nd Annual,ENSEMBLE IN A COMEDY SERIES,KEEGAN-MICHAEL KEY,KEY & PEELE,False,
2016, 22nd Annual,ENSEMBLE IN A COMEDY SERIES,,MODERN FAMILY,False,
2016, 22nd Annual,ENSEMBLE IN A COMEDY SERIES,ARIEL WINTER,MODERN FAMILY,False,
2016, 22nd Annual,ENSEMBLE IN A COMEDY SERIES,AUBREY ANDERSON EMMONS,MODERN FAMILY,False,
2016, 22nd Annual,ENSEMBLE IN A COMEDY SERIES,ED O'NEILL,MODERN FAMILY,False,
2016, 22nd Annual,ENSEMBLE IN A COMEDY SERIES,ERIC STONESTREET,MODERN FAMILY,False,
2016, 22nd Annual,ENSEMBLE IN A COMEDY SERIES,JESSE TYLER FERGUSON,MODERN FAMILY,False,
2016, 22nd Annual,ENSEMBLE IN A COMEDY SERIES,JULIE BOWEN,MODERN FAMILY,False,
2016, 22nd Annual,ENSEMBLE IN A COMEDY SERIES,NOLAN GOULD,MODERN FAMILY,False,
2016, 22nd Annual,ENSEMBLE IN A COMEDY SERIES,RICO RODRIGUEZ,MODERN FAMILY,False,
2016, 22nd Annual,ENSEMBLE IN A COMEDY SERIES,SARAH HYLAND,MODERN FAMILY,False,
2016, 22nd Annual,ENSEMBLE IN A COMEDY SERIES,SOFIA VERGARA,MODERN FAMILY,False,
2016, 22nd Annual,ENSEMBLE IN A COMEDY SERIES,TY BURRELL,MODERN FAMILY,False,
2016, 22nd Annual,ENSEMBLE IN A COMEDY SERIES,,ORANGE IS THE NEW BLACK,True,
2016, 22nd Annual,ENSEMBLE IN A COMEDY SERIES,ABIGAIL SAVAGE,ORANGE IS THE NEW BLACK,True,
2016, 22nd Annual,ENSEMBLE IN A COMEDY SERIES,ADRIENNE C. MOORE,ORANGE IS THE NEW BLACK,True,
2016, 22nd Annual,ENSEMBLE IN A COMEDY SERIES,ANNIE GOLDEN,ORANGE IS THE NEW BLACK,True,
2016, 22nd Annual,ENSEMBLE IN A COMEDY SERIES,BETH FOWLER,ORANGE IS THE NEW BLACK,True,
2016, 22nd Annual,ENSEMBLE IN A COMEDY SERIES,CATHERINE CURTIN,ORANGE IS THE NEW BLACK,True,
2016, 22nd Annual,ENSEMBLE IN A COMEDY SERIES,CONSTANCE SHULMAN,ORANGE IS THE NEW BLACK,True,
2016, 22nd Annual,ENSEMBLE IN A COMEDY SERIES,DALE SOULES,ORANGE IS THE NEW BLACK,True,
2016, 22nd Annual,ENSEMBLE IN A COMEDY SERIES,DANIELLE BROOKS,ORANGE IS THE NEW BLACK,True,
2016, 22nd Annual,ENSEMBLE IN A COMEDY SERIES,DASCHA POLANCO,ORANGE IS THE NEW BLACK,True,
2016, 22nd Annual,ENSEMBLE IN A COMEDY SERIES,DIANE GUERRERO,ORANGE IS THE NEW BLACK,True,
2016, 22nd Annual,ENSEMBLE IN A COMEDY SERIES,ELIZABETH RODRIGUEZ,ORANGE IS THE NEW BLACK,True,
2016, 22nd Annual,ENSEMBLE IN A COMEDY SERIES,EMMA MYLES,ORANGE IS THE NEW BLACK,True,
2016, 22nd Annual,ENSEMBLE IN A COMEDY SERIES,JACKIE CRUZ,ORANGE IS THE NEW BLACK,True,
2016, 22nd Annual,ENSEMBLE IN A COMEDY SERIES,JESSICA PIMENTEL,ORANGE IS THE NEW BLACK,True,
2016, 22nd Annual,ENSEMBLE IN A COMEDY SERIES,JOEL MARSH GARLAND,ORANGE IS THE NEW BLACK,True,
2016, 22nd Annual,ENSEMBLE IN A COMEDY SERIES,KATE MULGREW,ORANGE IS THE NEW BLACK,True,
2016, 22nd Annual,ENSEMBLE IN A COMEDY SERIES,KIMIKO GLENN,ORANGE IS THE NEW BLACK,True,
2016, 22nd Annual,ENSEMBLE IN A COMEDY SERIES,LAURA PREPON,ORANGE IS THE NEW BLACK,True,
2016, 22nd Annual,ENSEMBLE IN A COMEDY SERIES,LAVERNE COX,ORANGE IS THE NEW BLACK,True,
2016, 22nd Annual,ENSEMBLE IN A COMEDY SERIES,LEA DeLARIA,ORANGE IS THE NEW BLACK,True,
2016, 22nd Annual,ENSEMBLE IN A COMEDY SERIES,LORI PETTY,ORANGE IS THE NEW BLACK,True,
2016, 22nd Annual,ENSEMBLE IN A COMEDY SERIES,MARSHA STEPHANIE BLAKE,ORANGE IS THE NEW BLACK,True,
2016, 22nd Annual,ENSEMBLE IN A COMEDY SERIES,MATT PETERS,ORANGE IS THE NEW BLACK,True,
2016, 22nd Annual,ENSEMBLE IN A COMEDY SERIES,MICHAEL J. HARNEY,ORANGE IS THE NEW BLACK,True,
2016, 22nd Annual,ENSEMBLE IN A COMEDY SERIES,MIKE BIRBIGLIA,ORANGE IS THE NEW BLACK,True,
2016, 22nd Annual,ENSEMBLE IN A COMEDY SERIES,NICK SANDOW,ORANGE IS THE NEW BLACK,True,
2016, 22nd Annual,ENSEMBLE IN A COMEDY SERIES,RUBY ROSE,ORANGE IS THE NEW BLACK,True,
2016, 22nd Annual,ENSEMBLE IN A COMEDY SERIES,SELENIS LEYVA,ORANGE IS THE NEW BLACK,True,
2016, 22nd Annual,ENSEMBLE IN A COMEDY SERIES,TARYN MANNING,ORANGE IS THE NEW BLACK,True,
2016, 22nd Annual,ENSEMBLE IN A COMEDY SERIES,TAYLOR SCHILLING,ORANGE IS THE NEW BLACK,True,
2016, 22nd Annual,ENSEMBLE IN A COMEDY SERIES,UZO ADUBA,ORANGE IS THE NEW BLACK,True,
2016, 22nd Annual,ENSEMBLE IN A COMEDY SERIES,VICKY JEUDY,ORANGE IS THE NEW BLACK,True,
2016, 22nd Annual,ENSEMBLE IN A COMEDY SERIES,YAEL STONE,ORANGE IS THE NEW BLACK,True,
2016, 22nd Annual,ENSEMBLE IN A COMEDY SERIES,,THE BIG BANG THEORY,False,
2016, 22nd Annual,ENSEMBLE IN A COMEDY SERIES,JIM PARSONS,THE BIG BANG THEORY,False,
2016, 22nd Annual,ENSEMBLE IN A COMEDY SERIES,JOHNNY GALECKI,THE BIG BANG THEORY,False,
2016, 22nd Annual,ENSEMBLE IN A COMEDY SERIES,KALEY CUOCO,THE BIG BANG THEORY,False,
2016, 22nd Annual,ENSEMBLE IN A COMEDY SERIES,KUNAL NAYYAR,THE BIG BANG THEORY,False,
2016, 22nd Annual,ENSEMBLE IN A COMEDY SERIES,MAYIM BIALIK,THE BIG BANG THEORY,False,
2016, 22nd Annual,ENSEMBLE IN A COMEDY SERIES,MELISSA RAUCH,THE BIG BANG THEORY,False,
2016, 22nd Annual,ENSEMBLE IN A COMEDY SERIES,SIMON HELBERG,THE BIG BANG THEORY,False,
2016, 22nd Annual,ENSEMBLE IN A COMEDY SERIES,,TRANSPARENT,False,
2016, 22nd Annual,ENSEMBLE IN A COMEDY SERIES,ALEXANDRA BILLINGS,TRANSPARENT,False,
2016, 22nd Annual,ENSEMBLE IN A COMEDY SERIES,AMY LANDECKER,TRANSPARENT,False,
2016, 22nd Annual,ENSEMBLE IN A COMEDY SERIES,CARRIE BROWNSTEIN,TRANSPARENT,False,
2016, 22nd Annual,ENSEMBLE IN A COMEDY SERIES,CHERRY JONES,TRANSPARENT,False,
2016, 22nd Annual,ENSEMBLE IN A COMEDY SERIES,EMILY ROBINSON,TRANSPARENT,False,
2016, 22nd Annual,ENSEMBLE IN A COMEDY SERIES,GABY HOFFMANN,TRANSPARENT,False,
2016, 22nd Annual,ENSEMBLE IN A COMEDY SERIES,HARI NEF,TRANSPARENT,False,
2016, 22nd Annual,ENSEMBLE IN A COMEDY SERIES,JAY DUPLASS,TRANSPARENT,False,
2016, 22nd Annual,ENSEMBLE IN A COMEDY SERIES,JEFFREY TAMBOR,TRANSPARENT,False,
2016, 22nd Annual,ENSEMBLE IN A COMEDY SERIES,JUDITH LIGHT,TRANSPARENT,False,
2016, 22nd Annual,ENSEMBLE IN A COMEDY SERIES,KATHRYN HAHN,TRANSPARENT,False,
2016, 22nd Annual,ENSEMBLE IN A COMEDY SERIES,,VEEP,False,
2016, 22nd Annual,ENSEMBLE IN A COMEDY SERIES,ANNA CHLUMSKY,VEEP,False,
2016, 22nd Annual,ENSEMBLE IN A COMEDY SERIES,DIEDRICH BADER,VEEP,False,
2016, 22nd Annual,ENSEMBLE IN A COMEDY SERIES,GARY COLE,VEEP,False,
2016, 22nd Annual,ENSEMBLE IN A COMEDY SERIES,HUGH LAURIE,VEEP,False,
2016, 22nd Annual,ENSEMBLE IN A COMEDY SERIES,JULIA LOUIS-DREYFUS,VEEP,False,
2016, 22nd Annual,ENSEMBLE IN A COMEDY SERIES,KEVIN DUNN,VEEP,False,
2016, 22nd Annual,ENSEMBLE IN A COMEDY SERIES,MATT WALSH,VEEP,False,
2016, 22nd Annual,ENSEMBLE IN A COMEDY SERIES,PHIL REEVES,VEEP,False,
2016, 22nd Annual,ENSEMBLE IN A COMEDY SERIES,REID SCOTT,VEEP,False,
2016, 22nd Annual,ENSEMBLE IN A COMEDY SERIES,SAM RICHARDSON,VEEP,False,
2016, 22nd Annual,ENSEMBLE IN A COMEDY SERIES,SARAH SUTHERLAND,VEEP,False,
2016, 22nd Annual,ENSEMBLE IN A COMEDY SERIES,SUFE BRADSHAW,VEEP,False,
2016, 22nd Annual,ENSEMBLE IN A COMEDY SERIES,TIMOTHY SIMONS,VEEP,False,
2016, 22nd Annual,ENSEMBLE IN A COMEDY SERIES,TONY HALE,VEEP,False,
2016, 22nd Annual,ENSEMBLE IN A DRAMA SERIES,,DOWNTON ABBEY,True,
2016, 22nd Annual,ENSEMBLE IN A DRAMA SERIES,ALLEN LEECH,DOWNTON ABBEY,True,
2016, 22nd Annual,ENSEMBLE IN A DRAMA SERIES,BRENDAN COYLE,DOWNTON ABBEY,True,
2016, 22nd Annual,ENSEMBLE IN A DRAMA SERIES,DAVID ROBB,DOWNTON ABBEY,True,
2016, 22nd Annual,ENSEMBLE IN A DRAMA SERIES,ELIZABETH McGOVERN,DOWNTON ABBEY,True,
2016, 22nd Annual,ENSEMBLE IN A DRAMA SERIES,HUGH BONNEVILLE,DOWNTON ABBEY,True,
2016, 22nd Annual,ENSEMBLE IN A DRAMA SERIES,JIM CARTER,DOWNTON ABBEY,True,
2016, 22nd Annual,ENSEMBLE IN A DRAMA SERIES,JOANNE FROGGATT,DOWNTON ABBEY,True,
2016, 22nd Annual,ENSEMBLE IN A DRAMA SERIES,JULIAN OVENDEN,DOWNTON ABBEY,True,
2016, 22nd Annual,ENSEMBLE IN A DRAMA SERIES,KEVIN DOYLE,DOWNTON ABBEY,True,
2016, 22nd Annual,ENSEMBLE IN A DRAMA SERIES,LAURA CARMICHAEL,DOWNTON ABBEY,True,
2016, 22nd Annual,ENSEMBLE IN A DRAMA SERIES,LESLEY NICOL,DOWNTON ABBEY,True,
2016, 22nd Annual,ENSEMBLE IN A DRAMA SERIES,LILY JAMES,DOWNTON ABBEY,True,
2016, 22nd Annual,ENSEMBLE IN A DRAMA SERIES,MAGGIE SMITH,DOWNTON ABBEY,True,
2016, 22nd Annual,ENSEMBLE IN A DRAMA SERIES,MICHELLE DOCKERY,DOWNTON ABBEY,True,
2016, 22nd Annual,ENSEMBLE IN A DRAMA SERIES,PENELOPE WILTON,DOWNTON ABBEY,True,
2016, 22nd Annual,ENSEMBLE IN A DRAMA SERIES,PHYLLIS LOGAN,DOWNTON ABBEY,True,
2016, 22nd Annual,ENSEMBLE IN A DRAMA SERIES,RAQUEL CASSIDY,DOWNTON ABBEY,True,
2016, 22nd Annual,ENSEMBLE IN A DRAMA SERIES,ROBERT JAMES-COLLIER,DOWNTON ABBEY,True,
2016, 22nd Annual,ENSEMBLE IN A DRAMA SERIES,SOPHIE McSHERA,DOWNTON ABBEY,True,
2016, 22nd Annual,ENSEMBLE IN A DRAMA SERIES,TOM CULLEN,DOWNTON ABBEY,True,
2016, 22nd Annual,ENSEMBLE IN A DRAMA SERIES,,GAME OF THRONES,False,
2016, 22nd Annual,ENSEMBLE IN A DRAMA SERIES,AIDEN GILLEN,GAME OF THRONES,False,
2016, 22nd Annual,ENSEMBLE IN A DRAMA SERIES,ALFIE ALLEN,GAME OF THRONES,False,
2016, 22nd Annual,ENSEMBLE IN A DRAMA SERIES,BEN CROMPTON,GAME OF THRONES,False,
2016, 22nd Annual,ENSEMBLE IN A DRAMA SERIES,BRENOCK O'CONNOR,GAME OF THRONES,False,
2016, 22nd Annual,ENSEMBLE IN A DRAMA SERIES,BRIAN FORTUNE,GAME OF THRONES,False,
2016, 22nd Annual,ENSEMBLE IN A DRAMA SERIES,CARICE VAN HOUTEN,GAME OF THRONES,False,
2016, 22nd Annual,ENSEMBLE IN A DRAMA SERIES,DANIEL PORTMAN,GAME OF THRONES,False,
2016, 22nd Annual,ENSEMBLE IN A DRAMA SERIES,EMILIA CLARKE,GAME OF THRONES,False,
2016, 22nd Annual,ENSEMBLE IN A DRAMA SERIES,GWENDOLINE CHRISTIE,GAME OF THRONES,False,
2016, 22nd Annual,ENSEMBLE IN A DRAMA SERIES,HANNAH MURRAY,GAME OF THRONES,False,
2016, 22nd Annual,ENSEMBLE IN A DRAMA SERIES,IAIN GLEN,GAME OF THRONES,False,
2016, 22nd Annual,ENSEMBLE IN A DRAMA SERIES,IAN BEATTIE,GAME OF THRONES,False,
2016, 22nd Annual,ENSEMBLE IN A DRAMA SERIES,IWAN RHEON,GAME OF THRONES,False,
2016, 22nd Annual,ENSEMBLE IN A DRAMA SERIES,JEROME FLYNN,GAME OF THRONES,False,
2016, 22nd Annual,ENSEMBLE IN A DRAMA SERIES,JOEL FRY,GAME OF THRONES,False,
2016, 22nd Annual,ENSEMBLE IN A DRAMA SERIES,JOHN BRADLEY,GAME OF THRONES,False,
2016, 22nd Annual,ENSEMBLE IN A DRAMA SERIES,KIT HARINGTON,GAME OF THRONES,False,
2016, 22nd Annual,ENSEMBLE IN A DRAMA SERIES,LENA HEADEY,GAME OF THRONES,False,
2016, 22nd Annual,ENSEMBLE IN A DRAMA SERIES,LIAM CUNNINGHAM,GAME OF THRONES,False,
2016, 22nd Annual,ENSEMBLE IN A DRAMA SERIES,MAISIE WILLIAMS,GAME OF THRONES,False,
2016, 22nd Annual,ENSEMBLE IN A DRAMA SERIES,MICHAEL CONDRON,GAME OF THRONES,False,
2016, 22nd Annual,ENSEMBLE IN A DRAMA SERIES,MICHIEL HUISMAN,GAME OF THRONES,False,
2016, 22nd Annual,ENSEMBLE IN A DRAMA SERIES,NATHALIE EMMANUEL,GAME OF THRONES,False,
2016, 22nd Annual,ENSEMBLE IN A DRAMA SERIES,NIKOLAJ COSTER-WALDAU,GAME OF THRONES,False,
2016, 22nd Annual,ENSEMBLE IN A DRAMA SERIES,OWEN TEALE,GAME OF THRONES,False,
2016, 22nd Annual,ENSEMBLE IN A DRAMA SERIES,PETER DINKLAGE,GAME OF THRONES,False,
2016, 22nd Annual,ENSEMBLE IN A DRAMA SERIES,SOPHIE TURNER,GAME OF THRONES,False,
2016, 22nd Annual,ENSEMBLE IN A DRAMA SERIES,STEPHEN DILLANE,GAME OF THRONES,False,
2016, 22nd Annual,ENSEMBLE IN A DRAMA SERIES,TARA FITZGERALD,GAME OF THRONES,False,
2016, 22nd Annual,ENSEMBLE IN A DRAMA SERIES,TOM WLASCHIHA,GAME OF THRONES,False,
2016, 22nd Annual,ENSEMBLE IN A DRAMA SERIES,,HOMELAND,False,
2016, 22nd Annual,ENSEMBLE IN A DRAMA SERIES,ALEXANDER FEHLING,HOMELAND,False,
2016, 22nd Annual,ENSEMBLE IN A DRAMA SERIES,ATHEER ADEL,HOMELAND,False,
2016, 22nd Annual,ENSEMBLE IN A DRAMA SERIES,CLAIRE DANES,HOMELAND,False,
2016, 22nd Annual,ENSEMBLE IN A DRAMA SERIES,F. MURRAY ABRAHAM,HOMELAND,False,
2016, 22nd Annual,ENSEMBLE IN A DRAMA SERIES,MANDY PATINKIN,HOMELAND,False,
2016, 22nd Annual,ENSEMBLE IN A DRAMA SERIES,MARK IVANIR,HOMELAND,False,
2016, 22nd Annual,ENSEMBLE IN A DRAMA SERIES,MIRANDA OTTO,HOMELAND,False,
2016, 22nd Annual,ENSEMBLE IN A DRAMA SERIES,NINA HOSS,HOMELAND,False,
2016, 22nd Annual,ENSEMBLE IN A DRAMA SERIES,REN,HOMELAND,False,
2016, 22nd Annual,ENSEMBLE IN A DRAMA SERIES,RUPERT FRIEND,HOMELAND,False,
2016, 22nd Annual,ENSEMBLE IN A DRAMA SERIES,SARAH SOKOLOVIC,HOMELAND,False,
2016, 22nd Annual,ENSEMBLE IN A DRAMA SERIES,SEBASTIAN KOCH,HOMELAND,False,
2016, 22nd Annual,ENSEMBLE IN A DRAMA SERIES,,HOUSE OF CARDS,False,
2016, 22nd Annual,ENSEMBLE IN A DRAMA SERIES,DEREK CECIL,HOUSE OF CARDS,False,
2016, 22nd Annual,ENSEMBLE IN A DRAMA SERIES,ELIZABETH MARVEL,HOUSE OF CARDS,False,
2016, 22nd Annual,ENSEMBLE IN A DRAMA SERIES,JIMMI SIMPSON,HOUSE OF CARDS,False,
2016, 22nd Annual,ENSEMBLE IN A DRAMA SERIES,KEVIN SPACEY,HOUSE OF CARDS,False,
2016, 22nd Annual,ENSEMBLE IN A DRAMA SERIES,MAHERSHALA ALI,HOUSE OF CARDS,False,
2016, 22nd Annual,ENSEMBLE IN A DRAMA SERIES,MICHAEL KELLY,HOUSE OF CARDS,False,
2016, 22nd Annual,ENSEMBLE IN A DRAMA SERIES,MOLLY PARKER,HOUSE OF CARDS,False,
2016, 22nd Annual,ENSEMBLE IN A DRAMA SERIES,NATHAN DARROW,HOUSE OF CARDS,False,
2016, 22nd Annual,ENSEMBLE IN A DRAMA SERIES,PAUL SPARKS,HOUSE OF CARDS,False,
2016, 22nd Annual,ENSEMBLE IN A DRAMA SERIES,ROBIN WRIGHT,HOUSE OF CARDS,False,
2016, 22nd Annual,ENSEMBLE IN A DRAMA SERIES,,MAD MEN,False,
2016, 22nd Annual,ENSEMBLE IN A DRAMA SERIES,AARON STATON,MAD MEN,False,
2016, 22nd Annual,ENSEMBLE IN A DRAMA SERIES,BRUCE GREENWOOD,MAD MEN,False,
2016, 22nd Annual,ENSEMBLE IN A DRAMA SERIES,CHRISTINA HENDRICKS,MAD MEN,False,
2016, 22nd Annual,ENSEMBLE IN A DRAMA SERIES,ELISABETH MOSS,MAD MEN,False,
2016, 22nd Annual,ENSEMBLE IN A DRAMA SERIES,JANUARY JONES,MAD MEN,False,
2016, 22nd Annual,ENSEMBLE IN A DRAMA SERIES,JAY R. FERGUSON,MAD MEN,False,
2016, 22nd Annual,ENSEMBLE IN A DRAMA SERIES,JOHN SLATTERY,MAD MEN,False,
2016, 22nd Annual,ENSEMBLE IN A DRAMA SERIES,JON HAMM,MAD MEN,False,
2016, 22nd Annual,ENSEMBLE IN A DRAMA SERIES,KEVIN RAHM,MAD MEN,False,
2016, 22nd Annual,ENSEMBLE IN A DRAMA SERIES,KIERNAN SHIPKA,MAD MEN,False,
2016, 22nd Annual,ENSEMBLE IN A DRAMA SERIES,MASON VALE COTTON,MAD MEN,False,
2016, 22nd Annual,ENSEMBLE IN A DRAMA SERIES,RICH SOMMER,MAD MEN,False,
2016, 22nd Annual,ENSEMBLE IN A DRAMA SERIES,SOLA BAMIS,MAD MEN,False,
2016, 22nd Annual,ENSEMBLE IN A DRAMA SERIES,STEPHANIE DRAKE,MAD MEN,False,
2016, 22nd Annual,ENSEMBLE IN A DRAMA SERIES,VINCENT KARTHEISER,MAD MEN,False,
2016, 22nd Annual,FEMALE COMEDY,EDIE FALCO,NURSE JACKIE,False,
2016, 22nd Annual,FEMALE COMEDY,UZO ADUBA,ORANGE IS THE NEW BLACK,True,
2016, 22nd Annual,FEMALE COMEDY,AMY POEHLER,PARKS AND RECREATION,False,
2016, 22nd Annual,FEMALE COMEDY,ELLIE KEMPER,UNBREAKABLE KIMMY SCHMIDT,False,
2016, 22nd Annual,FEMALE COMEDY,JULIA LOUIS-DREYFUS,VEEP,False,
2016, 22nd Annual,FEMALE DRAMA,MAGGIE SMITH,DOWNTON ABBEY,False,
2016, 22nd Annual,FEMALE DRAMA,CLAIRE DANES,HOMELAND,False,
2016, 22nd Annual,FEMALE DRAMA,ROBIN WRIGHT,HOUSE OF CARDS,False,
2016, 22nd Annual,FEMALE DRAMA,VIOLA DAVIS,HOW TO GET AWAY WITH MURDER,True,
2016, 22nd Annual,FEMALE DRAMA,JULIANNA MARGULIES,THE GOOD WIFE,False,
2016, 22nd Annual,FEMALE LEAD,SAOIRSE RONAN,BROOKLYN,False,
2016, 22nd Annual,FEMALE LEAD,CATE BLANCHETT,CAROL,False,
2016, 22nd Annual,FEMALE LEAD,SARAH SILVERMAN,I SMILE BACK,False,
2016, 22nd Annual,FEMALE LEAD,BRIE LARSON,ROOM,True,
2016, 22nd Annual,FEMALE LEAD,HELEN MIRREN,WOMAN IN GOLD,False,
2016, 22nd Annual,FEMALE SUPPORT,ROONEY MARA,CAROL,False,
2016, 22nd Annual,FEMALE SUPPORT,RACHEL McADAMS,SPOTLIGHT,False,
2016, 22nd Annual,FEMALE SUPPORT,KATE WINSLET,STEVE JOBS,False,
2016, 22nd Annual,FEMALE SUPPORT,ALICIA VIKANDER,THE DANISH GIRL,True,
2016, 22nd Annual,FEMALE SUPPORT,HELEN MIRREN,TRUMBO,False,
2016, 22nd Annual,FEMALE TV MOVIE OR MINISERIES,QUEEN LATIFAH,Bessie,True,
2016, 22nd Annual,FEMALE TV MOVIE OR MINISERIES,NICOLE KIDMAN,GRACE OF MONACO,False,
2016, 22nd Annual,FEMALE TV MOVIE OR MINISERIES,CHRISTINA RICCI,The Lizzie Borden Chronicles,False,
2016, 22nd Annual,FEMALE TV MOVIE OR MINISERIES,SUSAN SARANDON,The Secret Life of Marilyn Monroe,False,
2016, 22nd Annual,FEMALE TV MOVIE OR MINISERIES,KRISTEN WIIG,The Spoils Before Dying,False,
2016, 22nd Annual,LIFE ACHIEVEMENT,CAROL BURNETT,N/A,True,
2016, 22nd Annual,MALE COMEDY,LOUIS C.K.,LOUIE,False,
2016, 22nd Annual,MALE COMEDY,TY BURRELL,MODERN FAMILY,False,
2016, 22nd Annual,MALE COMEDY,WILLIAM H. MACY,SHAMELESS,False,
2016, 22nd Annual,MALE COMEDY,JIM PARSONS,THE BIG BANG THEORY,False,
2016, 22nd Annual,MALE COMEDY,JEFFREY TAMBOR,TRANSPARENT,True,
2016, 22nd Annual,MALE DRAMA,BOB ODENKIRK,Better Call Saul,False,
2016, 22nd Annual,MALE DRAMA,BOB ODENKIRK,Better Call Saul,False,
2016, 22nd Annual,MALE DRAMA,PETER DINKLAGE,Game of Thrones,False,
2016, 22nd Annual,MALE DRAMA,PETER DINKLAGE,Game of Thrones,False,
2016, 22nd Annual,MALE DRAMA,KEVIN SPACEY,HOUSE OF CARDS,True,
2016, 22nd Annual,MALE DRAMA,KEVIN SPACEY,HOUSE OF CARDS,True,
2016, 22nd Annual,MALE DRAMA,JON HAMM,Mad Men,False,
2016, 22nd Annual,MALE DRAMA,JON HAMM,Mad Men,False,
2016, 22nd Annual,MALE DRAMA,RAMI MALEK,Mr. Robot,False,
2016, 22nd Annual,MALE DRAMA,RAMI MALEK,Mr. Robot,False,
2016, 22nd Annual,MALE LEAD,JOHNNY DEPP,BLACK MASS,False,
2016, 22nd Annual,MALE LEAD,MICHAEL FASSBENDER,STEVE JOBS,False,
2016, 22nd Annual,MALE LEAD,EDDIE REDMAYNE,THE DANISH GIRL,False,
2016, 22nd Annual,MALE LEAD,LEONARDO DiCAPRIO,THE REVENANT,True,
2016, 22nd Annual,MALE LEAD,BRYAN CRANSTON,TRUMBO,False,
2016, 22nd Annual,MALE SUPPORT,MICHAEL SHANNON,99 HOMES,False,
2016, 22nd Annual,MALE SUPPORT,MICHAEL SHANNON,99 HOMES,False,
2016, 22nd Annual,MALE SUPPORT,IDRIS ELBA,BEASTS OF NO NATION,True,
2016, 22nd Annual,MALE SUPPORT,IDRIS ELBA,BEASTS OF NO NATION,True,
2016, 22nd Annual,MALE SUPPORT,MARK RYLANCE,BRIDGE OF SPIES,False,
2016, 22nd Annual,MALE SUPPORT,MARK RYLANCE,BRIDGE OF SPIES,False,
2016, 22nd Annual,MALE SUPPORT,JACOB TREMBLAY,ROOM,False,
2016, 22nd Annual,MALE SUPPORT,JACOB TREMBLAY,ROOM,False,
2016, 22nd Annual,MALE SUPPORT,CHRISTIAN BALE,THE BIG SHORT,False,
2016, 22nd Annual,MALE SUPPORT,CHRISTIAN BALE,THE BIG SHORT,False,
2016, 22nd Annual,MALE TV MOVIE OR MINISERIES,BILL MURRAY,A Very Murray Christmas,False,
2016, 22nd Annual,MALE TV MOVIE OR MINISERIES,IDRIS ELBA,Luther,True,
2016, 22nd Annual,MALE TV MOVIE OR MINISERIES,RAY LIOTTA,Texas Rising,False,
2016, 22nd Annual,MALE TV MOVIE OR MINISERIES,BEN KINGSLEY,Tut,False,
2016, 22nd Annual,MALE TV MOVIE OR MINISERIES,MARK RYLANCE,Wolf Hall,False,
2016, 22nd Annual,STUNT ENSEMBLE IN A MOTION PICTURE,,EVEREST,False,
2016, 22nd Annual,STUNT ENSEMBLE IN A MOTION PICTURE,,FURIOUS 7,False,
2016, 22nd Annual,STUNT ENSEMBLE IN A MOTION PICTURE,,JURASSIC WORLD,False,
2016, 22nd Annual,STUNT ENSEMBLE IN A MOTION PICTURE,,MAD MAX: FURY ROAD,True,
2016, 22nd Annual,STUNT ENSEMBLE IN A MOTION PICTURE,,MISSION: IMPOSSIBLE ,False,
2016, 22nd Annual,STUNT ENSEMBLE IN A TELEVISION SERIES,,GAME OF THRONES,True,
2016, 22nd Annual,STUNT ENSEMBLE IN A TELEVISION SERIES,,HOMELAND,False,
2016, 22nd Annual,STUNT ENSEMBLE IN A TELEVISION SERIES,,MARVEL'S DAREDEVIL,False,
2016, 22nd Annual,STUNT ENSEMBLE IN A TELEVISION SERIES,,THE BLACKLIST,False,
2016, 22nd Annual,STUNT ENSEMBLE IN A TELEVISION SERIES,,THE WALKING DEAD,False,
2015, 21st Annual,CAST IN A MOTION PICTURE,,BIRDMAN,True,
2015, 21st Annual,CAST IN A MOTION PICTURE,AMY RYAN,BIRDMAN,True,
2015, 21st Annual,CAST IN A MOTION PICTURE,ANDREA RISEBOROUGH,BIRDMAN,True,
2015, 21st Annual,CAST IN A MOTION PICTURE,EDWARD NORTON,BIRDMAN,True,
2015, 21st Annual,CAST IN A MOTION PICTURE,EMMA STONE,BIRDMAN,True,
2015, 21st Annual,CAST IN A MOTION PICTURE,MICHAEL KEATON,BIRDMAN,True,
2015, 21st Annual,CAST IN A MOTION PICTURE,NAOMI WATTS,BIRDMAN,True,
2015, 21st Annual,CAST IN A MOTION PICTURE,ZACH GALIFIANAKIS,BIRDMAN,True,
2015, 21st Annual,CAST IN A MOTION PICTURE,,BOYHOOD,False,
2015, 21st Annual,CAST IN A MOTION PICTURE,ELLAR COLTRANE,BOYHOOD,False,
2015, 21st Annual,CAST IN A MOTION PICTURE,ETHAN HAWKE,BOYHOOD,False,
2015, 21st Annual,CAST IN A MOTION PICTURE,LORELEI LINKLATER,BOYHOOD,False,
2015, 21st Annual,CAST IN A MOTION PICTURE,PATRICIA ARQUETTE,BOYHOOD,False,
2015, 21st Annual,CAST IN A MOTION PICTURE,,THE GRAND BUDAPEST HOTEL,False,
2015, 21st Annual,CAST IN A MOTION PICTURE,ADRIEN BRODY,THE GRAND BUDAPEST HOTEL,False,
2015, 21st Annual,CAST IN A MOTION PICTURE,BILL MURRAY,THE GRAND BUDAPEST HOTEL,False,
2015, 21st Annual,CAST IN A MOTION PICTURE,EDWARD NORTON,THE GRAND BUDAPEST HOTEL,False,
2015, 21st Annual,CAST IN A MOTION PICTURE,F. MURRAY ABRAHAM,THE GRAND BUDAPEST HOTEL,False,
2015, 21st Annual,CAST IN A MOTION PICTURE,HARVEY KEITEL,THE GRAND BUDAPEST HOTEL,False,
2015, 21st Annual,CAST IN A MOTION PICTURE,JASON SCHWARTZMAN,THE GRAND BUDAPEST HOTEL,False,
2015, 21st Annual,CAST IN A MOTION PICTURE,JEFF GOLDBLUM,THE GRAND BUDAPEST HOTEL,False,
2015, 21st Annual,CAST IN A MOTION PICTURE,JUDE LAW,THE GRAND BUDAPEST HOTEL,False,
2015, 21st Annual,CAST IN A MOTION PICTURE,LEA SEYDOUX,THE GRAND BUDAPEST HOTEL,False,
2015, 21st Annual,CAST IN A MOTION PICTURE,MATHIEU AMALRIC,THE GRAND BUDAPEST HOTEL,False,
2015, 21st Annual,CAST IN A MOTION PICTURE,OWEN WILSON,THE GRAND BUDAPEST HOTEL,False,
2015, 21st Annual,CAST IN A MOTION PICTURE,RALPH FIENNES,THE GRAND BUDAPEST HOTEL,False,
2015, 21st Annual,CAST IN A MOTION PICTURE,SAOIRSE RONAN,THE GRAND BUDAPEST HOTEL,False,
2015, 21st Annual,CAST IN A MOTION PICTURE,TILDA SWINTON,THE GRAND BUDAPEST HOTEL,False,
2015, 21st Annual,CAST IN A MOTION PICTURE,TOM WILKINSON,THE GRAND BUDAPEST HOTEL,False,
2015, 21st Annual,CAST IN A MOTION PICTURE,TONY REVOLORI,THE GRAND BUDAPEST HOTEL,False,
2015, 21st Annual,CAST IN A MOTION PICTURE,WILLEM DAFOE,THE GRAND BUDAPEST HOTEL,False,
2015, 21st Annual,CAST IN A MOTION PICTURE,,THE IMITATION GAME,False,
2015, 21st Annual,CAST IN A MOTION PICTURE,ALLEN LEECH,THE IMITATION GAME,False,
2015, 21st Annual,CAST IN A MOTION PICTURE,BENEDICT CUMBERBATCH,THE IMITATION GAME,False,
2015, 21st Annual,CAST IN A MOTION PICTURE,CHARLES DANCE,THE IMITATION GAME,False,
2015, 21st Annual,CAST IN A MOTION PICTURE,KEIRA KNIGHTLEY,THE IMITATION GAME,False,
2015, 21st Annual,CAST IN A MOTION PICTURE,MARK STRONG,THE IMITATION GAME,False,
2015, 21st Annual,CAST IN A MOTION PICTURE,MATTHEW BEARD,THE IMITATION GAME,False,
2015, 21st Annual,CAST IN A MOTION PICTURE,MATTHEW GOODE,THE IMITATION GAME,False,
2015, 21st Annual,CAST IN A MOTION PICTURE,RORY KINNEAR,THE IMITATION GAME,False,
2015, 21st Annual,CAST IN A MOTION PICTURE,,THE THEORY OF EVERYTHING,False,
2015, 21st Annual,CAST IN A MOTION PICTURE,CHARLIE COX,THE THEORY OF EVERYTHING,False,
2015, 21st Annual,CAST IN A MOTION PICTURE,DAVID THEWLIS,THE THEORY OF EVERYTHING,False,
2015, 21st Annual,CAST IN A MOTION PICTURE,EDDIE REDMAYNE,THE THEORY OF EVERYTHING,False,
2015, 21st Annual,CAST IN A MOTION PICTURE,EMILY WATSON,THE THEORY OF EVERYTHING,False,
2015, 21st Annual,CAST IN A MOTION PICTURE,FELICITY JONES,THE THEORY OF EVERYTHING,False,
2015, 21st Annual,CAST IN A MOTION PICTURE,SIMON MCBURNEY,THE THEORY OF EVERYTHING,False,
2015, 21st Annual,ENSEMBLE IN A COMEDY SERIES,,BROOKLYN NINE-NINE,False,
2015, 21st Annual,ENSEMBLE IN A COMEDY SERIES,ANDRE BRAUGHER,BROOKLYN NINE-NINE,False,
2015, 21st Annual,ENSEMBLE IN A COMEDY SERIES,ANDY SAMBERG,BROOKLYN NINE-NINE,False,
2015, 21st Annual,ENSEMBLE IN A COMEDY SERIES,CHELSEA PERETTI,BROOKLYN NINE-NINE,False,
2015, 21st Annual,ENSEMBLE IN A COMEDY SERIES,DIRK BLOCKER,BROOKLYN NINE-NINE,False,
2015, 21st Annual,ENSEMBLE IN A COMEDY SERIES,JOE LO TRUGLIO,BROOKLYN NINE-NINE,False,
2015, 21st Annual,ENSEMBLE IN A COMEDY SERIES,JOEL MCKINNON MILLER,BROOKLYN NINE-NINE,False,
2015, 21st Annual,ENSEMBLE IN A COMEDY SERIES,MELISSA FUMERO,BROOKLYN NINE-NINE,False,
2015, 21st Annual,ENSEMBLE IN A COMEDY SERIES,STEPHANIE BEATRIZ,BROOKLYN NINE-NINE,False,
2015, 21st Annual,ENSEMBLE IN A COMEDY SERIES,TERRY CREWS,BROOKLYN NINE-NINE,False,
2015, 21st Annual,ENSEMBLE IN A COMEDY SERIES,,MODERN FAMILY-NINE,False,
2015, 21st Annual,ENSEMBLE IN A COMEDY SERIES,ARIEL WINTER,MODERN FAMILY-NINE,False,
2015, 21st Annual,ENSEMBLE IN A COMEDY SERIES,AUBREY ANDERSON EMMONS,MODERN FAMILY-NINE,False,
2015, 21st Annual,ENSEMBLE IN A COMEDY SERIES,ED O'NEILL,MODERN FAMILY-NINE,False,
2015, 21st Annual,ENSEMBLE IN A COMEDY SERIES,ERIC STONESTREET,MODERN FAMILY-NINE,False,
2015, 21st Annual,ENSEMBLE IN A COMEDY SERIES,JESSE TYLER FERGUSON,MODERN FAMILY-NINE,False,
2015, 21st Annual,ENSEMBLE IN A COMEDY SERIES,JULIE BOWEN,MODERN FAMILY-NINE,False,
2015, 21st Annual,ENSEMBLE IN A COMEDY SERIES,NOLAN GOULD,MODERN FAMILY-NINE,False,
2015, 21st Annual,ENSEMBLE IN A COMEDY SERIES,RICO RODRIGUEZ,MODERN FAMILY-NINE,False,
2015, 21st Annual,ENSEMBLE IN A COMEDY SERIES,SARAH HYLAND,MODERN FAMILY-NINE,False,
2015, 21st Annual,ENSEMBLE IN A COMEDY SERIES,SOFIA VERGARA,MODERN FAMILY-NINE,False,
2015, 21st Annual,ENSEMBLE IN A COMEDY SERIES,TY BURRELL,MODERN FAMILY-NINE,False,
2015, 21st Annual,ENSEMBLE IN A COMEDY SERIES,,ORANGE IS THE NEW BLACK,True,
2015, 21st Annual,ENSEMBLE IN A COMEDY SERIES,ABIGAIL SAVAGE,ORANGE IS THE NEW BLACK,True,
2015, 21st Annual,ENSEMBLE IN A COMEDY SERIES,ADRIENNE C. MOORE,ORANGE IS THE NEW BLACK,True,
2015, 21st Annual,ENSEMBLE IN A COMEDY SERIES,ALYSIA REINER,ORANGE IS THE NEW BLACK,True,
2015, 21st Annual,ENSEMBLE IN A COMEDY SERIES,ANNIE GOLDEN,ORANGE IS THE NEW BLACK,True,
2015, 21st Annual,ENSEMBLE IN A COMEDY SERIES,BARBARA ROSENBLAT,ORANGE IS THE NEW BLACK,True,
2015, 21st Annual,ENSEMBLE IN A COMEDY SERIES,BETH FOWLER,ORANGE IS THE NEW BLACK,True,
2015, 21st Annual,ENSEMBLE IN A COMEDY SERIES,CATHERINE CURTIN,ORANGE IS THE NEW BLACK,True,
2015, 21st Annual,ENSEMBLE IN A COMEDY SERIES,CONSTANCE SHULMAN,ORANGE IS THE NEW BLACK,True,
2015, 21st Annual,ENSEMBLE IN A COMEDY SERIES,DALE SOULES,ORANGE IS THE NEW BLACK,True,
2015, 21st Annual,ENSEMBLE IN A COMEDY SERIES,DANIELLE BROOKS,ORANGE IS THE NEW BLACK,True,
2015, 21st Annual,ENSEMBLE IN A COMEDY SERIES,DASCHA POLANCO,ORANGE IS THE NEW BLACK,True,
2015, 21st Annual,ENSEMBLE IN A COMEDY SERIES,DIANE GUERRERO,ORANGE IS THE NEW BLACK,True,
2015, 21st Annual,ENSEMBLE IN A COMEDY SERIES,ELIZABETH RODRIGUEZ,ORANGE IS THE NEW BLACK,True,
2015, 21st Annual,ENSEMBLE IN A COMEDY SERIES,EMMA MYLES,ORANGE IS THE NEW BLACK,True,
2015, 21st Annual,ENSEMBLE IN A COMEDY SERIES,GERMAR TERRELL GARDNER,ORANGE IS THE NEW BLACK,True,
2015, 21st Annual,ENSEMBLE IN A COMEDY SERIES,JACKIE CRUZ,ORANGE IS THE NEW BLACK,True,
2015, 21st Annual,ENSEMBLE IN A COMEDY SERIES,JASON BIGGS,ORANGE IS THE NEW BLACK,True,
2015, 21st Annual,ENSEMBLE IN A COMEDY SERIES,JESSICA PIMENTEL,ORANGE IS THE NEW BLACK,True,
2015, 21st Annual,ENSEMBLE IN A COMEDY SERIES,JOEL MARSH GARLAND,ORANGE IS THE NEW BLACK,True,
2015, 21st Annual,ENSEMBLE IN A COMEDY SERIES,JUDITH ROBERTS,ORANGE IS THE NEW BLACK,True,
2015, 21st Annual,ENSEMBLE IN A COMEDY SERIES,JULIE LAKE,ORANGE IS THE NEW BLACK,True,
2015, 21st Annual,ENSEMBLE IN A COMEDY SERIES,KATE MULGREW,ORANGE IS THE NEW BLACK,True,
2015, 21st Annual,ENSEMBLE IN A COMEDY SERIES,KIMIKO GLENN,ORANGE IS THE NEW BLACK,True,
2015, 21st Annual,ENSEMBLE IN A COMEDY SERIES,LAUREN LAPKUS,ORANGE IS THE NEW BLACK,True,
2015, 21st Annual,ENSEMBLE IN A COMEDY SERIES,LAVERNE COX,ORANGE IS THE NEW BLACK,True,
2015, 21st Annual,ENSEMBLE IN A COMEDY SERIES,LEA DELARIA,ORANGE IS THE NEW BLACK,True,
2015, 21st Annual,ENSEMBLE IN A COMEDY SERIES,LIN TUCCI,ORANGE IS THE NEW BLACK,True,
2015, 21st Annual,ENSEMBLE IN A COMEDY SERIES,LORRAINE TOUSSAINT,ORANGE IS THE NEW BLACK,True,
2015, 21st Annual,ENSEMBLE IN A COMEDY SERIES,MATT MCGORRY,ORANGE IS THE NEW BLACK,True,
2015, 21st Annual,ENSEMBLE IN A COMEDY SERIES,MICHAEL J. HARNEY,ORANGE IS THE NEW BLACK,True,
2015, 21st Annual,ENSEMBLE IN A COMEDY SERIES,NATASHA LYONNE,ORANGE IS THE NEW BLACK,True,
2015, 21st Annual,ENSEMBLE IN A COMEDY SERIES,NICK SANDOW,ORANGE IS THE NEW BLACK,True,
2015, 21st Annual,ENSEMBLE IN A COMEDY SERIES,SAMIRA WILEY,ORANGE IS THE NEW BLACK,True,
2015, 21st Annual,ENSEMBLE IN A COMEDY SERIES,SELENIS LEYVA,ORANGE IS THE NEW BLACK,True,
2015, 21st Annual,ENSEMBLE IN A COMEDY SERIES,TARYN MANNING,ORANGE IS THE NEW BLACK,True,
2015, 21st Annual,ENSEMBLE IN A COMEDY SERIES,TAYLOR SCHILLING,ORANGE IS THE NEW BLACK,True,
2015, 21st Annual,ENSEMBLE IN A COMEDY SERIES,UZO ADUBA,ORANGE IS THE NEW BLACK,True,
2015, 21st Annual,ENSEMBLE IN A COMEDY SERIES,VICKY JEUDY,ORANGE IS THE NEW BLACK,True,
2015, 21st Annual,ENSEMBLE IN A COMEDY SERIES,YAEL STONE,ORANGE IS THE NEW BLACK,True,
2015, 21st Annual,ENSEMBLE IN A COMEDY SERIES,YVETTE FREEMAN,ORANGE IS THE NEW BLACK,True,
2015, 21st Annual,ENSEMBLE IN A COMEDY SERIES,,THE BIG BANG THEORY,False,
2015, 21st Annual,ENSEMBLE IN A COMEDY SERIES,JIM PARSONS,THE BIG BANG THEORY,False,
2015, 21st Annual,ENSEMBLE IN A COMEDY SERIES,JOHNNY GALECKI,THE BIG BANG THEORY,False,
2015, 21st Annual,ENSEMBLE IN A COMEDY SERIES,KALEY CUOCO-SWEETING,THE BIG BANG THEORY,False,
2015, 21st Annual,ENSEMBLE IN A COMEDY SERIES,KUNAL NAYYAR,THE BIG BANG THEORY,False,
2015, 21st Annual,ENSEMBLE IN A COMEDY SERIES,MAYIM BIALIK,THE BIG BANG THEORY,False,
2015, 21st Annual,ENSEMBLE IN A COMEDY SERIES,MELISSA RAUCH,THE BIG BANG THEORY,False,
2015, 21st Annual,ENSEMBLE IN A COMEDY SERIES,SIMON HELBERG,THE BIG BANG THEORY,False,
2015, 21st Annual,ENSEMBLE IN A COMEDY SERIES,,VEEP,False,
2015, 21st Annual,ENSEMBLE IN A COMEDY SERIES,ANNA CHLUMSKY,VEEP,False,
2015, 21st Annual,ENSEMBLE IN A COMEDY SERIES,GARY COLE,VEEP,False,
2015, 21st Annual,ENSEMBLE IN A COMEDY SERIES,JULIA LOUIS-DREYFUS,VEEP,False,
2015, 21st Annual,ENSEMBLE IN A COMEDY SERIES,KEVIN DUNN,VEEP,False,
2015, 21st Annual,ENSEMBLE IN A COMEDY SERIES,MATT WALSH,VEEP,False,
2015, 21st Annual,ENSEMBLE IN A COMEDY SERIES,REID SCOTT,VEEP,False,
2015, 21st Annual,ENSEMBLE IN A COMEDY SERIES,SUFE BRADSHAW,VEEP,False,
2015, 21st Annual,ENSEMBLE IN A COMEDY SERIES,TIMOTHY SIMONS ,VEEP,False,
2015, 21st Annual,ENSEMBLE IN A COMEDY SERIES,TONY HALE,VEEP,False,
2015, 21st Annual,ENSEMBLE IN A DRAMA SERIES,,BOARDWALK EMPIRE,False,
2015, 21st Annual,ENSEMBLE IN A DRAMA SERIES,DOMENICK LOMBARDOZZI,BOARDWALK EMPIRE,False,
2015, 21st Annual,ENSEMBLE IN A DRAMA SERIES,JOHN ELLISON CONLEE,BOARDWALK EMPIRE,False,
2015, 21st Annual,ENSEMBLE IN A DRAMA SERIES,LOUIS CANCELMI,BOARDWALK EMPIRE,False,
2015, 21st Annual,ENSEMBLE IN A DRAMA SERIES,MICHAEL COUNTRYMAN,BOARDWALK EMPIRE,False,
2015, 21st Annual,ENSEMBLE IN A DRAMA SERIES,NICHOLAS CALHOUN,BOARDWALK EMPIRE,False,
2015, 21st Annual,ENSEMBLE IN A DRAMA SERIES,PAUL CALDERON,BOARDWALK EMPIRE,False,
2015, 21st Annual,ENSEMBLE IN A DRAMA SERIES,STEPHEN GRAHAM,BOARDWALK EMPIRE,False,
2015, 21st Annual,ENSEMBLE IN A DRAMA SERIES,STEVE BUSCEMI,BOARDWALK EMPIRE,False,
2015, 21st Annual,ENSEMBLE IN A DRAMA SERIES,,DOWNTON ABBEY,True,
2015, 21st Annual,ENSEMBLE IN A DRAMA SERIES,ALLEN LEECH,DOWNTON ABBEY,True,
2015, 21st Annual,ENSEMBLE IN A DRAMA SERIES,BRENDAN COYLE,DOWNTON ABBEY,True,
2015, 21st Annual,ENSEMBLE IN A DRAMA SERIES,CARA THEOBOLD,DOWNTON ABBEY,True,
2015, 21st Annual,ENSEMBLE IN A DRAMA SERIES,DAVID ROBB,DOWNTON ABBEY,True,
2015, 21st Annual,ENSEMBLE IN A DRAMA SERIES,ED SPELEERS,DOWNTON ABBEY,True,
2015, 21st Annual,ENSEMBLE IN A DRAMA SERIES,ELIZABETH MCGOVERN,DOWNTON ABBEY,True,
2015, 21st Annual,ENSEMBLE IN A DRAMA SERIES,HUGH BONNEVILLE,DOWNTON ABBEY,True,
2015, 21st Annual,ENSEMBLE IN A DRAMA SERIES,JIM CARTER,DOWNTON ABBEY,True,
2015, 21st Annual,ENSEMBLE IN A DRAMA SERIES,JOANNE FROGGATT,DOWNTON ABBEY,True,
2015, 21st Annual,ENSEMBLE IN A DRAMA SERIES,KEVIN DOYLE,DOWNTON ABBEY,True,
2015, 21st Annual,ENSEMBLE IN A DRAMA SERIES,LAURA CARMICHAEL,DOWNTON ABBEY,True,
2015, 21st Annual,ENSEMBLE IN A DRAMA SERIES,LESLEY NICOL,DOWNTON ABBEY,True,
2015, 21st Annual,ENSEMBLE IN A DRAMA SERIES,LILY JAMES,DOWNTON ABBEY,True,
2015, 21st Annual,ENSEMBLE IN A DRAMA SERIES,MAGGIE SMITH,DOWNTON ABBEY,True,
2015, 21st Annual,ENSEMBLE IN A DRAMA SERIES,MATT MILINE,DOWNTON ABBEY,True,
2015, 21st Annual,ENSEMBLE IN A DRAMA SERIES,MICHAEL DOCKERY,DOWNTON ABBEY,True,
2015, 21st Annual,ENSEMBLE IN A DRAMA SERIES,PENELOPE WILTON,DOWNTON ABBEY,True,
2015, 21st Annual,ENSEMBLE IN A DRAMA SERIES,PHYLLIS LOGAN,DOWNTON ABBEY,True,
2015, 21st Annual,ENSEMBLE IN A DRAMA SERIES,ROBERT JAMES-COLLIER,DOWNTON ABBEY,True,
2015, 21st Annual,ENSEMBLE IN A DRAMA SERIES,SOPHIE MCSHERA,DOWNTON ABBEY,True,
2015, 21st Annual,ENSEMBLE IN A DRAMA SERIES,,GAME OF THRONES,False,
2015, 21st Annual,ENSEMBLE IN A DRAMA SERIES,BEN CROMPTON,GAME OF THRONES,False,
2015, 21st Annual,ENSEMBLE IN A DRAMA SERIES,CHARLES DANCE,GAME OF THRONES,False,
2015, 21st Annual,ENSEMBLE IN A DRAMA SERIES,CONLETH HILL,GAME OF THRONES,False,
2015, 21st Annual,ENSEMBLE IN A DRAMA SERIES,DANIEL PORTMAN,GAME OF THRONES,False,
2015, 21st Annual,ENSEMBLE IN A DRAMA SERIES,DOMINIC CARTER,GAME OF THRONES,False,
2015, 21st Annual,ENSEMBLE IN A DRAMA SERIES,EMILIA CLARKE,GAME OF THRONES,False,
2015, 21st Annual,ENSEMBLE IN A DRAMA SERIES,GWENDOLINE CHRISTIE,GAME OF THRONES,False,
2015, 21st Annual,ENSEMBLE IN A DRAMA SERIES,IAIN GLEN,GAME OF THRONES,False,
2015, 21st Annual,ENSEMBLE IN A DRAMA SERIES,IAN MCELHINNEY,GAME OF THRONES,False,
2015, 21st Annual,ENSEMBLE IN A DRAMA SERIES,JACOB ANDERSON,GAME OF THRONES,False,
2015, 21st Annual,ENSEMBLE IN A DRAMA SERIES,JOHN BRADLEY,GAME OF THRONES,False,
2015, 21st Annual,ENSEMBLE IN A DRAMA SERIES,JOSEF ALTIN,GAME OF THRONES,False,
2015, 21st Annual,ENSEMBLE IN A DRAMA SERIES,JULIAN GLOVER,GAME OF THRONES,False,
2015, 21st Annual,ENSEMBLE IN A DRAMA SERIES,KIT HARINGTON,GAME OF THRONES,False,
2015, 21st Annual,ENSEMBLE IN A DRAMA SERIES,LENA HEADEY,GAME OF THRONES,False,
2015, 21st Annual,ENSEMBLE IN A DRAMA SERIES,MAISIE WILLIAMS,GAME OF THRONES,False,
2015, 21st Annual,ENSEMBLE IN A DRAMA SERIES,MARK STANLEY,GAME OF THRONES,False,
2015, 21st Annual,ENSEMBLE IN A DRAMA SERIES,NATALIE DORMER,GAME OF THRONES,False,
2015, 21st Annual,ENSEMBLE IN A DRAMA SERIES,NATHALIE EMMANUEL,GAME OF THRONES,False,
2015, 21st Annual,ENSEMBLE IN A DRAMA SERIES,NIKOLAJ COSTER-WALDAU,GAME OF THRONES,False,
2015, 21st Annual,ENSEMBLE IN A DRAMA SERIES,PEDRO PASCAL,GAME OF THRONES,False,
2015, 21st Annual,ENSEMBLE IN A DRAMA SERIES,PETER DINKLAGE,GAME OF THRONES,False,
2015, 21st Annual,ENSEMBLE IN A DRAMA SERIES,RORY MCCANN,GAME OF THRONES,False,
2015, 21st Annual,ENSEMBLE IN A DRAMA SERIES,SOPHIE TURNER,GAME OF THRONES,False,
2015, 21st Annual,ENSEMBLE IN A DRAMA SERIES,,HOMELAND,False,
2015, 21st Annual,ENSEMBLE IN A DRAMA SERIES,CLAIRE DANES,HOMELAND,False,
2015, 21st Annual,ENSEMBLE IN A DRAMA SERIES,LAILA ROBINS,HOMELAND,False,
2015, 21st Annual,ENSEMBLE IN A DRAMA SERIES,MANDY PATINKIN,HOMELAND,False,
2015, 21st Annual,ENSEMBLE IN A DRAMA SERIES,MARK MOSES,HOMELAND,False,
2015, 21st Annual,ENSEMBLE IN A DRAMA SERIES,MAURY STERLING,HOMELAND,False,
2015, 21st Annual,ENSEMBLE IN A DRAMA SERIES,MICHAEL O'KEEFE,HOMELAND,False,
2015, 21st Annual,ENSEMBLE IN A DRAMA SERIES,NAZANIN BONIADI,HOMELAND,False,
2015, 21st Annual,ENSEMBLE IN A DRAMA SERIES,NIMRAT KAUR,HOMELAND,False,
2015, 21st Annual,ENSEMBLE IN A DRAMA SERIES,NUMAN ACAR,HOMELAND,False,
2015, 21st Annual,ENSEMBLE IN A DRAMA SERIES,RAZA JAFFREY,HOMELAND,False,
2015, 21st Annual,ENSEMBLE IN A DRAMA SERIES,RUPERT FRIEND,HOMELAND,False,
2015, 21st Annual,ENSEMBLE IN A DRAMA SERIES,SURAJ SHARMA,HOMELAND,False,
2015, 21st Annual,ENSEMBLE IN A DRAMA SERIES,TRACY LETTS,HOMELAND,False,
2015, 21st Annual,ENSEMBLE IN A DRAMA SERIES,,HOUSE OF CARDS,False,
2015, 21st Annual,ENSEMBLE IN A DRAMA SERIES,DEREK CECIL,HOUSE OF CARDS,False,
2015, 21st Annual,ENSEMBLE IN A DRAMA SERIES,GERALD MCRANEY,HOUSE OF CARDS,False,
2015, 21st Annual,ENSEMBLE IN A DRAMA SERIES,JAYNE ATKINSON,HOUSE OF CARDS,False,
2015, 21st Annual,ENSEMBLE IN A DRAMA SERIES,JIMMI SIMPSON,HOUSE OF CARDS,False,
2015, 21st Annual,ENSEMBLE IN A DRAMA SERIES,JOANNA GOING,HOUSE OF CARDS,False,
2015, 21st Annual,ENSEMBLE IN A DRAMA SERIES,KEVIN SPACEY,HOUSE OF CARDS,False,
2015, 21st Annual,ENSEMBLE IN A DRAMA SERIES,MAHERSHALA ALI,HOUSE OF CARDS,False,
2015, 21st Annual,ENSEMBLE IN A DRAMA SERIES,MICHAEL KELLY,HOUSE OF CARDS,False,
2015, 21st Annual,ENSEMBLE IN A DRAMA SERIES,MICHEL GILL,HOUSE OF CARDS,False,
2015, 21st Annual,ENSEMBLE IN A DRAMA SERIES,MOLLY PARKER,HOUSE OF CARDS,False,
2015, 21st Annual,ENSEMBLE IN A DRAMA SERIES,MOZHAN MARNO,HOUSE OF CARDS,False,
2015, 21st Annual,ENSEMBLE IN A DRAMA SERIES,NATHAN DARROW,HOUSE OF CARDS,False,
2015, 21st Annual,ENSEMBLE IN A DRAMA SERIES,RACHEL BROSNAHAN,HOUSE OF CARDS,False,
2015, 21st Annual,ENSEMBLE IN A DRAMA SERIES,ROBIN WRIGHT,HOUSE OF CARDS,False,
2015, 21st Annual,ENSEMBLE IN A DRAMA SERIES,SAKINA JEFFREY,HOUSE OF CARDS,False,
2015, 21st Annual,FEMALE ACTOR IN A COMEDY SERIES,JULIE BOWEN,MODERN FAMILY,False,
2015, 21st Annual,FEMALE ACTOR IN A COMEDY SERIES,EDIE FALCO,NURSE JACKIE,False,
2015, 21st Annual,FEMALE ACTOR IN A COMEDY SERIES,UZO ADUBA,ORANGE IS THE NEW BLACK,True,
2015, 21st Annual,FEMALE ACTOR IN A COMEDY SERIES,AMY POEHLER,PARKS AND RECREATION,False,
2015, 21st Annual,FEMALE ACTOR IN A COMEDY SERIES,JULIA LOUIS-DREYFUS,VEEP,False,
2015, 21st Annual,FEMALE ACTOR IN A DRAMA SERIES,MAGGIE SMITH,DOWNTON ABBEY,False,
2015, 21st Annual,FEMALE ACTOR IN A DRAMA SERIES,CLAIRE DANES,HOMELAND,False,
2015, 21st Annual,FEMALE ACTOR IN A DRAMA SERIES,ROBIN WRIGHT,HOUSE OF CARDS,False,
2015, 21st Annual,FEMALE ACTOR IN A DRAMA SERIES,VIOLA DAVIS,HOW TO GET AWAY WITH MURDER,True,
2015, 21st Annual,FEMALE ACTOR IN A DRAMA SERIES,TATIANA MASLANY,ORPHAN BLACK,False,
2015, 21st Annual,FEMALE ACTOR IN A DRAMA SERIES,JULIANNA MARGULIES,THE GOOD WIFE,False,
2015, 21st Annual,FEMALE ACTOR IN A LEADING ROLE,JENNIFER ANISTON,CAKE,False,
2015, 21st Annual,FEMALE ACTOR IN A LEADING ROLE,ROSAMUND PIKE,GONE GIRL,False,
2015, 21st Annual,FEMALE ACTOR IN A LEADING ROLE,JULIANNE MOORE,STILL ALICE,True,
2015, 21st Annual,FEMALE ACTOR IN A LEADING ROLE,FELICITY JONES,THE THEORY OF EVERYTHING,False,
2015, 21st Annual,FEMALE ACTOR IN A LEADING ROLE,REESE WITHERSPOON,WILD,False,
2015, 21st Annual,FEMALE ACTOR IN A SUPPORTING ROLE,EMMA STONE,BIRDMAN,False,
2015, 21st Annual,FEMALE ACTOR IN A SUPPORTING ROLE,PATRICIA ARQUETTE,BOYHOOD,False,
2015, 21st Annual,FEMALE ACTOR IN A SUPPORTING ROLE,MERYL STREEP,INTO THE WOODS,False,
2015, 21st Annual,FEMALE ACTOR IN A SUPPORTING ROLE,NAOMI WATTS,ST. VINCENT,False,
2015, 21st Annual,FEMALE ACTOR IN A SUPPORTING ROLE,KEIRA KNIGHTLEY,THE IMITATION GAME,False,
2015, 21st Annual,FEMALE ACTOR IN A TELEVISION MOVIE OR MINISERIES,ELLEN BURSTYN,FLOWERS IN THE ATTIC,False,
2015, 21st Annual,FEMALE ACTOR IN A TELEVISION MOVIE OR MINISERIES,FRANCES MCDORMAND,OLIVE KITTERIDGE,True,
2015, 21st Annual,FEMALE ACTOR IN A TELEVISION MOVIE OR MINISERIES,MAGGIE GYLLENHAAL,THE HONORABLE WOMAN,False,
2015, 21st Annual,FEMALE ACTOR IN A TELEVISION MOVIE OR MINISERIES,JULIA ROBERTS,THE NORMAL HEART,False,
2015, 21st Annual,FEMALE ACTOR IN A TELEVISION MOVIE OR MINISERIES,CICELY TYSON,THE TRIP TO BOUNTIFUL,False,
2015, 21st Annual,LIFE ACHIEVEMENT,DEBBIE REYNOLDS,N/A,True,
2015, 21st Annual,MALE ACTOR IN A COMEDY SERIES,LOUIS C.K.,LOUIE,False,
2015, 21st Annual,MALE ACTOR IN A COMEDY SERIES,ERIC STONESTREET,MODERN FAMILY,False,
2015, 21st Annual,MALE ACTOR IN A COMEDY SERIES,TY BURRELL,MODERN FAMILY,False,
2015, 21st Annual,MALE ACTOR IN A COMEDY SERIES,WILLIAM H. MACY,SHAMELESS,True,
2015, 21st Annual,MALE ACTOR IN A COMEDY SERIES,JIM PARSONS,THE BIG BANG THEORY,False,
2015, 21st Annual,MALE ACTOR IN A DRAMA SERIES,STEVE BUSCEMI,BOARDWALK EMPIRE,False,
2015, 21st Annual,MALE ACTOR IN A DRAMA SERIES,PETER DINKLAGE,GAME OF THRONES,False,
2015, 21st Annual,MALE ACTOR IN A DRAMA SERIES,KEVIN SPACEY,HOUSE OF CARDS,True,
2015, 21st Annual,MALE ACTOR IN A DRAMA SERIES,MATTHEW MCCONAUGHEY,TRUE DETECTIVE,False,
2015, 21st Annual,MALE ACTOR IN A DRAMA SERIES,WOODY HARRELSON,TRUE DETECTIVE,False,
2015, 21st Annual,MALE ACTOR IN A LEADING ROLE,MICHAEL KEATON,BIRDMAN,False,
2015, 21st Annual,MALE ACTOR IN A LEADING ROLE,STEVE CARELL,FOXCATCHER,False,
2015, 21st Annual,MALE ACTOR IN A LEADING ROLE,JAKE GYLLENHAAL,NIGHTCRAWLER,False,
2015, 21st Annual,MALE ACTOR IN A LEADING ROLE,BENEDICT CUMBERBATCH,THE IMITATION GAME,False,
2015, 21st Annual,MALE ACTOR IN A LEADING ROLE,EDDIE REDMAYNE,THE THEORY OF EVERYTHING,True,
2015, 21st Annual,MALE ACTOR IN A SUPPORTING ROLE,EDWARD NORTON,BIRDMAN,False,
2015, 21st Annual,MALE ACTOR IN A SUPPORTING ROLE,ETHAN HAWKE,BOYHOOD,False,
2015, 21st Annual,MALE ACTOR IN A SUPPORTING ROLE,MARK RUFFALO,FOXCATCHER,False,
2015, 21st Annual,MALE ACTOR IN A SUPPORTING ROLE,ROBERT DUVALL,THE JUDGE ,False,
2015, 21st Annual,MALE ACTOR IN A SUPPORTING ROLE,J.K. SIMMONS,WHIPLASH,True,
2015, 21st Annual,MALE ACTOR IN A TELEVISION MOVIE OR MINISERIES,BILLY BOB THORNTON,FARGO,False,
2015, 21st Annual,MALE ACTOR IN A TELEVISION MOVIE OR MINISERIES,ADRIEN BRODY,HOUDINI,False,
2015, 21st Annual,MALE ACTOR IN A TELEVISION MOVIE OR MINISERIES,RICHARD JENKINS,OLIVE KITTERIDGE,False,
2015, 21st Annual,MALE ACTOR IN A TELEVISION MOVIE OR MINISERIES,BENEDICT CUMBERBATCH,SHERLOCK: HIS LAST VOW,False,
2015, 21st Annual,MALE ACTOR IN A TELEVISION MOVIE OR MINISERIES,MARK RUFFALO,THE NORMAL HEART,True,
2015, 21st Annual,STUNT ENSEMBLE IN A COMEDY OR DRAMA SERIES,,24: LIVE ANOTHER DAY,False,
2015, 21st Annual,STUNT ENSEMBLE IN A COMEDY OR DRAMA SERIES,,BOARDWALK EMPIRE,False,
2015, 21st Annual,STUNT ENSEMBLE IN A COMEDY OR DRAMA SERIES,,GAME OF THRONES,True,
2015, 21st Annual,STUNT ENSEMBLE IN A COMEDY OR DRAMA SERIES,,HOMELAND,False,
2015, 21st Annual,STUNT ENSEMBLE IN A COMEDY OR DRAMA SERIES,,SONS OF ANARCHY,False,
2015, 21st Annual,STUNT ENSEMBLE IN A COMEDY OR DRAMA SERIES,,THE WALKING DEAD,False,
2015, 21st Annual,STUNT ENSEMBLE IN A MOTION PICTURE,,FURY,False,
2015, 21st Annual,STUNT ENSEMBLE IN A MOTION PICTURE,,GET ON UP,False,
2015, 21st Annual,STUNT ENSEMBLE IN A MOTION PICTURE,,THE HOBBIT: THE BATTLE OF THE FIVE ARMIES,False,
2015, 21st Annual,STUNT ENSEMBLE IN A MOTION PICTURE,,UNBROKEN,True,
2015, 21st Annual,STUNT ENSEMBLE IN A MOTION PICTURE,,XMEN: DAYS OF FUTURE PAST,False,
2014, 20th Annual,CAST IN A MOTION PICTURE,,12 YEARS A SLAVE,False,
2014, 20th Annual,CAST IN A MOTION PICTURE,ADEPERO ODUYE,12 YEARS A SLAVE,False,
2014, 20th Annual,CAST IN A MOTION PICTURE,ALFRE WOODARD,12 YEARS A SLAVE,False,
2014, 20th Annual,CAST IN A MOTION PICTURE,BENEDICT CUMBERBATCH,12 YEARS A SLAVE,False,
2014, 20th Annual,CAST IN A MOTION PICTURE,BRAD PITT,12 YEARS A SLAVE,False,
2014, 20th Annual,CAST IN A MOTION PICTURE,CHIWETEL EJIOFOR,12 YEARS A SLAVE,False,
2014, 20th Annual,CAST IN A MOTION PICTURE,GARRET DILLAHUNT,12 YEARS A SLAVE,False,
2014, 20th Annual,CAST IN A MOTION PICTURE,LUPITA NYONG'O,12 YEARS A SLAVE,False,
2014, 20th Annual,CAST IN A MOTION PICTURE,MICHAEL FASSBENDER,12 YEARS A SLAVE,False,
2014, 20th Annual,CAST IN A MOTION PICTURE,MICHAEL KENNETH WILLIAMS,12 YEARS A SLAVE,False,
2014, 20th Annual,CAST IN A MOTION PICTURE,PAUL DANO,12 YEARS A SLAVE,False,
2014, 20th Annual,CAST IN A MOTION PICTURE,PAUL GIAMATTI,12 YEARS A SLAVE,False,
2014, 20th Annual,CAST IN A MOTION PICTURE,SARAH PAULSON,12 YEARS A SLAVE,False,
2014, 20th Annual,CAST IN A MOTION PICTURE,SCOOT McNAIRY,12 YEARS A SLAVE,False,
2014, 20th Annual,CAST IN A MOTION PICTURE,,AMERICAN HUSTLE,True,
2014, 20th Annual,CAST IN A MOTION PICTURE,ALESSANDRO NIVOLA,AMERICAN HUSTLE,True,
2014, 20th Annual,CAST IN A MOTION PICTURE,AMY ADAMS,AMERICAN HUSTLE,True,
2014, 20th Annual,CAST IN A MOTION PICTURE,BRADLEY COOPER,AMERICAN HUSTLE,True,
2014, 20th Annual,CAST IN A MOTION PICTURE,CHRISTIAN BALE,AMERICAN HUSTLE,True,
2014, 20th Annual,CAST IN A MOTION PICTURE,ELISABETH R??HM,AMERICAN HUSTLE,True,
2014, 20th Annual,CAST IN A MOTION PICTURE,JACK HUSTON,AMERICAN HUSTLE,True,
2014, 20th Annual,CAST IN A MOTION PICTURE,JENNIFER LAWRENCE,AMERICAN HUSTLE,True,
2014, 20th Annual,CAST IN A MOTION PICTURE,JEREMY RENNER,AMERICAN HUSTLE,True,
2014, 20th Annual,CAST IN A MOTION PICTURE,LOUIS C.K.,AMERICAN HUSTLE,True,
2014, 20th Annual,CAST IN A MOTION PICTURE,MICHAEL PE??A,AMERICAN HUSTLE,True,
2014, 20th Annual,CAST IN A MOTION PICTURE,PAUL HERMAN,AMERICAN HUSTLE,True,
2014, 20th Annual,CAST IN A MOTION PICTURE,ROBERT DE NIRO,AMERICAN HUSTLE,True,
2014, 20th Annual,CAST IN A MOTION PICTURE,SHEA WHIGHAM,AMERICAN HUSTLE,True,
2014, 20th Annual,CAST IN A MOTION PICTURE,,AUGUST: OSAGE COUNTY,False,
2014, 20th Annual,CAST IN A MOTION PICTURE,ABIGAIL BRESLIN,AUGUST: OSAGE COUNTY,False,
2014, 20th Annual,CAST IN A MOTION PICTURE,BENEDICT CUMBERBATCH,AUGUST: OSAGE COUNTY,False,
2014, 20th Annual,CAST IN A MOTION PICTURE,CHRIS COOPER,AUGUST: OSAGE COUNTY,False,
2014, 20th Annual,CAST IN A MOTION PICTURE,DERMOT MULRONEY,AUGUST: OSAGE COUNTY,False,
2014, 20th Annual,CAST IN A MOTION PICTURE,EWAN McGREGOR,AUGUST: OSAGE COUNTY,False,
2014, 20th Annual,CAST IN A MOTION PICTURE,JULIA ROBERTS,AUGUST: OSAGE COUNTY,False,
2014, 20th Annual,CAST IN A MOTION PICTURE,JULIANNE NICHOLSON,AUGUST: OSAGE COUNTY,False,
2014, 20th Annual,CAST IN A MOTION PICTURE,JULIETTE LEWIS,AUGUST: OSAGE COUNTY,False,
2014, 20th Annual,CAST IN A MOTION PICTURE,MARGO MARTINDALE,AUGUST: OSAGE COUNTY,False,
2014, 20th Annual,CAST IN A MOTION PICTURE,MERYL STREEP,AUGUST: OSAGE COUNTY,False,
2014, 20th Annual,CAST IN A MOTION PICTURE,MISTY UPHAM,AUGUST: OSAGE COUNTY,False,
2014, 20th Annual,CAST IN A MOTION PICTURE,SAM SHEPARD,AUGUST: OSAGE COUNTY,False,
2014, 20th Annual,CAST IN A MOTION PICTURE,,DALLAS BUYERS CLUB,False,
2014, 20th Annual,CAST IN A MOTION PICTURE,DALLAS ROBERTS,DALLAS BUYERS CLUB,False,
2014, 20th Annual,CAST IN A MOTION PICTURE,DENIS O'HARE,DALLAS BUYERS CLUB,False,
2014, 20th Annual,CAST IN A MOTION PICTURE,JARED LETO,DALLAS BUYERS CLUB,False,
2014, 20th Annual,CAST IN A MOTION PICTURE,JENNIFER GARNER,DALLAS BUYERS CLUB,False,
2014, 20th Annual,CAST IN A MOTION PICTURE,MATTHEW McCONAUGHEY,DALLAS BUYERS CLUB,False,
2014, 20th Annual,CAST IN A MOTION PICTURE,STEVE ZAHN,DALLAS BUYERS CLUB,False,
2014, 20th Annual,CAST IN A MOTION PICTURE,,LEE DANIELS' THE BUTLER,False,
2014, 20th Annual,CAST IN A MOTION PICTURE,ALAN RICKMAN,LEE DANIELS' THE BUTLER,False,
2014, 20th Annual,CAST IN A MOTION PICTURE,ALEX PETTYFER,LEE DANIELS' THE BUTLER,False,
2014, 20th Annual,CAST IN A MOTION PICTURE,"CUBA GOODING, JR.",LEE DANIELS' THE BUTLER,False,
2014, 20th Annual,CAST IN A MOTION PICTURE,DAVID OYELOWO,LEE DANIELS' THE BUTLER,False,
2014, 20th Annual,CAST IN A MOTION PICTURE,FOREST WHITAKER,LEE DANIELS' THE BUTLER,False,
2014, 20th Annual,CAST IN A MOTION PICTURE,JAMES MARSDEN,LEE DANIELS' THE BUTLER,False,
2014, 20th Annual,CAST IN A MOTION PICTURE,JANE FONDA,LEE DANIELS' THE BUTLER,False,
2014, 20th Annual,CAST IN A MOTION PICTURE,JOHN CUSACK,LEE DANIELS' THE BUTLER,False,
2014, 20th Annual,CAST IN A MOTION PICTURE,LENNY KRAVITZ,LEE DANIELS' THE BUTLER,False,
2014, 20th Annual,CAST IN A MOTION PICTURE,LIEV SCHREIBER,LEE DANIELS' THE BUTLER,False,
2014, 20th Annual,CAST IN A MOTION PICTURE,MARIAH CAREY,LEE DANIELS' THE BUTLER,False,
2014, 20th Annual,CAST IN A MOTION PICTURE,OPRAH WINFREY,LEE DANIELS' THE BUTLER,False,
2014, 20th Annual,CAST IN A MOTION PICTURE,ROBIN WILLIAMS,LEE DANIELS' THE BUTLER,False,
2014, 20th Annual,CAST IN A MOTION PICTURE,TERRENCE HOWARD,LEE DANIELS' THE BUTLER,False,
2014, 20th Annual,CAST IN A MOTION PICTURE,VANESSA REDGRAVE,LEE DANIELS' THE BUTLER,False,
2014, 20th Annual,ENSEMBLE IN A COMEDY SERIES,,30 ROCK,False,
2014, 20th Annual,ENSEMBLE IN A COMEDY SERIES,ALEC BALDWIN,30 ROCK,False,
2014, 20th Annual,ENSEMBLE IN A COMEDY SERIES,GRIZZ CHAPMAN,30 ROCK,False,
2014, 20th Annual,ENSEMBLE IN A COMEDY SERIES,J FRANK ROSSITANO,30 ROCK,False,
2014, 20th Annual,ENSEMBLE IN A COMEDY SERIES,JACK McBRAYER,30 ROCK,False,
2014, 20th Annual,ENSEMBLE IN A COMEDY SERIES,JAMES MARSDEN,30 ROCK,False,
2014, 20th Annual,ENSEMBLE IN A COMEDY SERIES,JANE KRAKOWSKI,30 ROCK,False,
2014, 20th Annual,ENSEMBLE IN A COMEDY SERIES,JUDAH FRIEDLANDER,30 ROCK,False,
2014, 20th Annual,ENSEMBLE IN A COMEDY SERIES,KATRINA BOWDEN,30 ROCK,False,
2014, 20th Annual,ENSEMBLE IN A COMEDY SERIES,KEITH POWELL,30 ROCK,False,
2014, 20th Annual,ENSEMBLE IN A COMEDY SERIES,KEVIN BROWN,30 ROCK,False,
2014, 20th Annual,ENSEMBLE IN A COMEDY SERIES,SCOTT ADSIT,30 ROCK,False,
2014, 20th Annual,ENSEMBLE IN A COMEDY SERIES,TINA FEY,30 ROCK,False,
2014, 20th Annual,ENSEMBLE IN A COMEDY SERIES,TRACY MORGAN,30 ROCK,False,
2014, 20th Annual,ENSEMBLE IN A COMEDY SERIES,,ARRESTED DEVELOPMENT,False,
2014, 20th Annual,ENSEMBLE IN A COMEDY SERIES,ALIA SHAWKAT,ARRESTED DEVELOPMENT,False,
2014, 20th Annual,ENSEMBLE IN A COMEDY SERIES,DAVID CROSS,ARRESTED DEVELOPMENT,False,
2014, 20th Annual,ENSEMBLE IN A COMEDY SERIES,HENRY WINKLER,ARRESTED DEVELOPMENT,False,
2014, 20th Annual,ENSEMBLE IN A COMEDY SERIES,ISLA FISHER,ARRESTED DEVELOPMENT,False,
2014, 20th Annual,ENSEMBLE IN A COMEDY SERIES,JASON BATEMAN,ARRESTED DEVELOPMENT,False,
2014, 20th Annual,ENSEMBLE IN A COMEDY SERIES,JEFFREY TAMBOR,ARRESTED DEVELOPMENT,False,
2014, 20th Annual,ENSEMBLE IN A COMEDY SERIES,JESSICA WALTER,ARRESTED DEVELOPMENT,False,
2014, 20th Annual,ENSEMBLE IN A COMEDY SERIES,JOHN BEARD,ARRESTED DEVELOPMENT,False,
2014, 20th Annual,ENSEMBLE IN A COMEDY SERIES,LIZA MINNELLI,ARRESTED DEVELOPMENT,False,
2014, 20th Annual,ENSEMBLE IN A COMEDY SERIES,MICHAEL CERA,ARRESTED DEVELOPMENT,False,
2014, 20th Annual,ENSEMBLE IN A COMEDY SERIES,PORTIA DE ROSSI,ARRESTED DEVELOPMENT,False,
2014, 20th Annual,ENSEMBLE IN A COMEDY SERIES,RON HOWARD,ARRESTED DEVELOPMENT,False,
2014, 20th Annual,ENSEMBLE IN A COMEDY SERIES,TONY HALE,ARRESTED DEVELOPMENT,False,
2014, 20th Annual,ENSEMBLE IN A COMEDY SERIES,Will ARNETT,ARRESTED DEVELOPMENT,False,
2014, 20th Annual,ENSEMBLE IN A COMEDY SERIES,,MODERN FAMILY,True,
2014, 20th Annual,ENSEMBLE IN A COMEDY SERIES,ARIEL WINTER,MODERN FAMILY,True,
2014, 20th Annual,ENSEMBLE IN A COMEDY SERIES,AUBREY ANDERSON EMMONS,MODERN FAMILY,True,
2014, 20th Annual,ENSEMBLE IN A COMEDY SERIES,ED O'NEILL,MODERN FAMILY,True,
2014, 20th Annual,ENSEMBLE IN A COMEDY SERIES,ERIC STONESTREET,MODERN FAMILY,True,
2014, 20th Annual,ENSEMBLE IN A COMEDY SERIES,JESSE TYLER FERGUSON,MODERN FAMILY,True,
2014, 20th Annual,ENSEMBLE IN A COMEDY SERIES,JULIE BOWEN,MODERN FAMILY,True,
2014, 20th Annual,ENSEMBLE IN A COMEDY SERIES,NOLAN GOULD,MODERN FAMILY,True,
2014, 20th Annual,ENSEMBLE IN A COMEDY SERIES,RICO RODRIGUEZ,MODERN FAMILY,True,
2014, 20th Annual,ENSEMBLE IN A COMEDY SERIES,SARAH HYLAND,MODERN FAMILY,True,
2014, 20th Annual,ENSEMBLE IN A COMEDY SERIES,SOFIA VERGARA,MODERN FAMILY,True,
2014, 20th Annual,ENSEMBLE IN A COMEDY SERIES,TY BURRELL,MODERN FAMILY,True,
2014, 20th Annual,ENSEMBLE IN A COMEDY SERIES,,THE BIG BANG THEORY,False,
2014, 20th Annual,ENSEMBLE IN A COMEDY SERIES,JIM PARSONS,THE BIG BANG THEORY,False,
2014, 20th Annual,ENSEMBLE IN A COMEDY SERIES,JOHNNY GALECKI,THE BIG BANG THEORY,False,
2014, 20th Annual,ENSEMBLE IN A COMEDY SERIES,KALEY CUOCO,THE BIG BANG THEORY,False,
2014, 20th Annual,ENSEMBLE IN A COMEDY SERIES,KUNAL NAYYAR,THE BIG BANG THEORY,False,
2014, 20th Annual,ENSEMBLE IN A COMEDY SERIES,MAYIM BIALIK,THE BIG BANG THEORY,False,
2014, 20th Annual,ENSEMBLE IN A COMEDY SERIES,MELISSA RAUCH,THE BIG BANG THEORY,False,
2014, 20th Annual,ENSEMBLE IN A COMEDY SERIES,SIMON HELBERG,THE BIG BANG THEORY,False,
2014, 20th Annual,ENSEMBLE IN A COMEDY SERIES,,VEEP,False,
2014, 20th Annual,ENSEMBLE IN A COMEDY SERIES,ANNA CHLUMSKY,VEEP,False,
2014, 20th Annual,ENSEMBLE IN A COMEDY SERIES,GARY COLE,VEEP,False,
2014, 20th Annual,ENSEMBLE IN A COMEDY SERIES,JULIA LOUIS-DREYFUS,VEEP,False,
2014, 20th Annual,ENSEMBLE IN A COMEDY SERIES,KEVIN DUNN,VEEP,False,
2014, 20th Annual,ENSEMBLE IN A COMEDY SERIES,MATT WALSH,VEEP,False,
2014, 20th Annual,ENSEMBLE IN A COMEDY SERIES,REID SCOTT,VEEP,False,
2014, 20th Annual,ENSEMBLE IN A COMEDY SERIES,SUFE BRADSHAW,VEEP,False,
2014, 20th Annual,ENSEMBLE IN A COMEDY SERIES,TIMOTHY SIMONS,VEEP,False,
2014, 20th Annual,ENSEMBLE IN A COMEDY SERIES,TONY HALE,VEEP,False,
2014, 20th Annual,ENSEMBLE IN A DRAMA SERIES,,BOARDWALK EMPIRE,False,
2014, 20th Annual,ENSEMBLE IN A DRAMA SERIES,BEN ROSENFIELD,BOARDWALK EMPIRE,False,
2014, 20th Annual,ENSEMBLE IN A DRAMA SERIES,BRIAN GERAGHTY,BOARDWALK EMPIRE,False,
2014, 20th Annual,ENSEMBLE IN A DRAMA SERIES,DOMENICK LOMBARDOZZI,BOARDWALK EMPIRE,False,
2014, 20th Annual,ENSEMBLE IN A DRAMA SERIES,ERIK LA RAY HARVEY,BOARDWALK EMPIRE,False,
2014, 20th Annual,ENSEMBLE IN A DRAMA SERIES,GRETCHEN MOL,BOARDWALK EMPIRE,False,
2014, 20th Annual,ENSEMBLE IN A DRAMA SERIES,JACK HUSTON,BOARDWALK EMPIRE,False,
2014, 20th Annual,ENSEMBLE IN A DRAMA SERIES,JACOB WARE,BOARDWALK EMPIRE,False,
2014, 20th Annual,ENSEMBLE IN A DRAMA SERIES,JEFFREY WRIGHT,BOARDWALK EMPIRE,False,
2014, 20th Annual,ENSEMBLE IN A DRAMA SERIES,MARGOT BINGHAM,BOARDWALK EMPIRE,False,
2014, 20th Annual,ENSEMBLE IN A DRAMA SERIES,MICHAEL KENNETH WILLIAMS,BOARDWALK EMPIRE,False,
2014, 20th Annual,ENSEMBLE IN A DRAMA SERIES,MICHAEL STUHLBARG,BOARDWALK EMPIRE,False,
2014, 20th Annual,ENSEMBLE IN A DRAMA SERIES,NISI STURGIS,BOARDWALK EMPIRE,False,
2014, 20th Annual,ENSEMBLE IN A DRAMA SERIES,PATRICIA ARQUETTE,BOARDWALK EMPIRE,False,
2014, 20th Annual,ENSEMBLE IN A DRAMA SERIES,PAUL SPARKS,BOARDWALK EMPIRE,False,
2014, 20th Annual,ENSEMBLE IN A DRAMA SERIES,RON LIVINGSTON,BOARDWALK EMPIRE,False,
2014, 20th Annual,ENSEMBLE IN A DRAMA SERIES,SHEA WHIGHAM,BOARDWALK EMPIRE,False,
2014, 20th Annual,ENSEMBLE IN A DRAMA SERIES,STEPHEN GRAHAM,BOARDWALK EMPIRE,False,
2014, 20th Annual,ENSEMBLE IN A DRAMA SERIES,STEVE BUSCEMI,BOARDWALK EMPIRE,False,
2014, 20th Annual,ENSEMBLE IN A DRAMA SERIES,,BREAKING BAD,True,
2014, 20th Annual,ENSEMBLE IN A DRAMA SERIES,AARON PAUL,BREAKING BAD,True,
2014, 20th Annual,ENSEMBLE IN A DRAMA SERIES,ANNA GUNN,BREAKING BAD,True,
2014, 20th Annual,ENSEMBLE IN A DRAMA SERIES,BETSY BRANDT,BREAKING BAD,True,
2014, 20th Annual,ENSEMBLE IN A DRAMA SERIES,BOB ODENKIRK,BREAKING BAD,True,
2014, 20th Annual,ENSEMBLE IN A DRAMA SERIES,BRYAN CRANSTON,BREAKING BAD,True,
2014, 20th Annual,ENSEMBLE IN A DRAMA SERIES,DEAN NORRIS,BREAKING BAD,True,
2014, 20th Annual,ENSEMBLE IN A DRAMA SERIES,JESSE PLEMONS,BREAKING BAD,True,
2014, 20th Annual,ENSEMBLE IN A DRAMA SERIES,KEVIN RANKIN,BREAKING BAD,True,
2014, 20th Annual,ENSEMBLE IN A DRAMA SERIES,LAURA FRASER,BREAKING BAD,True,
2014, 20th Annual,ENSEMBLE IN A DRAMA SERIES,LAVELL CRAWFORD,BREAKING BAD,True,
2014, 20th Annual,ENSEMBLE IN A DRAMA SERIES,MATTHEW T. METZLER,BREAKING BAD,True,
2014, 20th Annual,ENSEMBLE IN A DRAMA SERIES,MICHAEL BOWEN,BREAKING BAD,True,
2014, 20th Annual,ENSEMBLE IN A DRAMA SERIES,PATRICK SANE,BREAKING BAD,True,
2014, 20th Annual,ENSEMBLE IN A DRAMA SERIES,RJ MITTE,BREAKING BAD,True,
2014, 20th Annual,ENSEMBLE IN A DRAMA SERIES,STEVEN MICHAEL QUEZADA,BREAKING BAD,True,
2014, 20th Annual,ENSEMBLE IN A DRAMA SERIES,TAIT FLETCHER,BREAKING BAD,True,
2014, 20th Annual,ENSEMBLE IN A DRAMA SERIES,,DOWNTON ABBEY,False,
2014, 20th Annual,ENSEMBLE IN A DRAMA SERIES,ALLEN LEECH,DOWNTON ABBEY,False,
2014, 20th Annual,ENSEMBLE IN A DRAMA SERIES,AMY NUTTALL,DOWNTON ABBEY,False,
2014, 20th Annual,ENSEMBLE IN A DRAMA SERIES,BRENDAN COYLE,DOWNTON ABBEY,False,
2014, 20th Annual,ENSEMBLE IN A DRAMA SERIES,CARA THEOBOLD,DOWNTON ABBEY,False,
2014, 20th Annual,ENSEMBLE IN A DRAMA SERIES,DAN STEVENS,DOWNTON ABBEY,False,
2014, 20th Annual,ENSEMBLE IN A DRAMA SERIES,DAVID ROBB,DOWNTON ABBEY,False,
2014, 20th Annual,ENSEMBLE IN A DRAMA SERIES,ED SPELEERS,DOWNTON ABBEY,False,
2014, 20th Annual,ENSEMBLE IN A DRAMA SERIES,ELIZABETH McGOVERN,DOWNTON ABBEY,False,
2014, 20th Annual,ENSEMBLE IN A DRAMA SERIES,HUGH BONNEVILLE,DOWNTON ABBEY,False,
2014, 20th Annual,ENSEMBLE IN A DRAMA SERIES,JESSICA BROWN FINDLAY,DOWNTON ABBEY,False,
2014, 20th Annual,ENSEMBLE IN A DRAMA SERIES,JIM CARTER,DOWNTON ABBEY,False,
2014, 20th Annual,ENSEMBLE IN A DRAMA SERIES,JOANNE FROGGATT,DOWNTON ABBEY,False,
2014, 20th Annual,ENSEMBLE IN A DRAMA SERIES,KEVIN DOYLE,DOWNTON ABBEY,False,
2014, 20th Annual,ENSEMBLE IN A DRAMA SERIES,LAURA CARMICHAEL,DOWNTON ABBEY,False,
2014, 20th Annual,ENSEMBLE IN A DRAMA SERIES,LESLEY NICOL,DOWNTON ABBEY,False,
2014, 20th Annual,ENSEMBLE IN A DRAMA SERIES,MAGGIE SMITH,DOWNTON ABBEY,False,
2014, 20th Annual,ENSEMBLE IN A DRAMA SERIES,MATT MILNE,DOWNTON ABBEY,False,
2014, 20th Annual,ENSEMBLE IN A DRAMA SERIES,MICHELLE DOCKERY,DOWNTON ABBEY,False,
2014, 20th Annual,ENSEMBLE IN A DRAMA SERIES,PENELOPE WILTON,DOWNTON ABBEY,False,
2014, 20th Annual,ENSEMBLE IN A DRAMA SERIES,PHYLLIS LOGAN,DOWNTON ABBEY,False,
2014, 20th Annual,ENSEMBLE IN A DRAMA SERIES,ROB JAMES-COLLIER,DOWNTON ABBEY,False,
2014, 20th Annual,ENSEMBLE IN A DRAMA SERIES,SIOBHAN FINNERAN,DOWNTON ABBEY,False,
2014, 20th Annual,ENSEMBLE IN A DRAMA SERIES,SOPHIE McSHERA,DOWNTON ABBEY,False,
2014, 20th Annual,ENSEMBLE IN A DRAMA SERIES,,GAME OF THRONES,False,
2014, 20th Annual,ENSEMBLE IN A DRAMA SERIES,ALFIE ALLEN,GAME OF THRONES,False,
2014, 20th Annual,ENSEMBLE IN A DRAMA SERIES,CARICE VAN HOUTEN,GAME OF THRONES,False,
2014, 20th Annual,ENSEMBLE IN A DRAMA SERIES,CHARLES DANCE,GAME OF THRONES,False,
2014, 20th Annual,ENSEMBLE IN A DRAMA SERIES,EMILIA CLARKE,GAME OF THRONES,False,
2014, 20th Annual,ENSEMBLE IN A DRAMA SERIES,GWENDOLINE CHRISTIE,GAME OF THRONES,False,
2014, 20th Annual,ENSEMBLE IN A DRAMA SERIES,HANNAH MURRAY,GAME OF THRONES,False,
2014, 20th Annual,ENSEMBLE IN A DRAMA SERIES,IAIN GLEN,GAME OF THRONES,False,
2014, 20th Annual,ENSEMBLE IN A DRAMA SERIES,IAN McELHINNEY,GAME OF THRONES,False,
2014, 20th Annual,ENSEMBLE IN A DRAMA SERIES,ISAAC HEMPSTEAD WRIGHT,GAME OF THRONES,False,
2014, 20th Annual,ENSEMBLE IN A DRAMA SERIES,IWAN RHEON,GAME OF THRONES,False,
2014, 20th Annual,ENSEMBLE IN A DRAMA SERIES,JACK GLEESON,GAME OF THRONES,False,
2014, 20th Annual,ENSEMBLE IN A DRAMA SERIES,JOE DEMPSIE,GAME OF THRONES,False,
2014, 20th Annual,ENSEMBLE IN A DRAMA SERIES,JOHN BRADLEY,GAME OF THRONES,False,
2014, 20th Annual,ENSEMBLE IN A DRAMA SERIES,KIT HARINGTON,GAME OF THRONES,False,
2014, 20th Annual,ENSEMBLE IN A DRAMA SERIES,KRISTOFER HIVJU,GAME OF THRONES,False,
2014, 20th Annual,ENSEMBLE IN A DRAMA SERIES,LENA HEADEY,GAME OF THRONES,False,
2014, 20th Annual,ENSEMBLE IN A DRAMA SERIES,MACKENZIE CROOK,GAME OF THRONES,False,
2014, 20th Annual,ENSEMBLE IN A DRAMA SERIES,MAISIE WILLIAMS,GAME OF THRONES,False,
2014, 20th Annual,ENSEMBLE IN A DRAMA SERIES,MICHAEL McELHATTON,GAME OF THRONES,False,
2014, 20th Annual,ENSEMBLE IN A DRAMA SERIES,MICHELLE FAIRLEY,GAME OF THRONES,False,
2014, 20th Annual,ENSEMBLE IN A DRAMA SERIES,NATALIE DORMER,GAME OF THRONES,False,
2014, 20th Annual,ENSEMBLE IN A DRAMA SERIES,NATHALIE EMMANUEL,GAME OF THRONES,False,
2014, 20th Annual,ENSEMBLE IN A DRAMA SERIES,NIKOLAJ COSTER-WALDAU,GAME OF THRONES,False,
2014, 20th Annual,ENSEMBLE IN A DRAMA SERIES,OONA CHAPLIN,GAME OF THRONES,False,
2014, 20th Annual,ENSEMBLE IN A DRAMA SERIES,PAUL KAYE,GAME OF THRONES,False,
2014, 20th Annual,ENSEMBLE IN A DRAMA SERIES,PETER DINKLAGE,GAME OF THRONES,False,
2014, 20th Annual,ENSEMBLE IN A DRAMA SERIES,PHILIP McGINLEY,GAME OF THRONES,False,
2014, 20th Annual,ENSEMBLE IN A DRAMA SERIES,RICHARD MADDEN,GAME OF THRONES,False,
2014, 20th Annual,ENSEMBLE IN A DRAMA SERIES,RORY McCANN,GAME OF THRONES,False,
2014, 20th Annual,ENSEMBLE IN A DRAMA SERIES,ROSE LESLIE,GAME OF THRONES,False,
2014, 20th Annual,ENSEMBLE IN A DRAMA SERIES,SIBEL KEKILLI,GAME OF THRONES,False,
2014, 20th Annual,ENSEMBLE IN A DRAMA SERIES,SOPHIE TURNER,GAME OF THRONES,False,
2014, 20th Annual,ENSEMBLE IN A DRAMA SERIES,,HOMELAND,False,
2014, 20th Annual,ENSEMBLE IN A DRAMA SERIES,CLAIRE DANES,HOMELAND,False,
2014, 20th Annual,ENSEMBLE IN A DRAMA SERIES,DAMIAN LEWIS,HOMELAND,False,
2014, 20th Annual,ENSEMBLE IN A DRAMA SERIES,F. MURRAY ABRAHAM,HOMELAND,False,
2014, 20th Annual,ENSEMBLE IN A DRAMA SERIES,MANDY PATINKIN,HOMELAND,False,
2014, 20th Annual,ENSEMBLE IN A DRAMA SERIES,MORGAN SAYLOR,HOMELAND,False,
2014, 20th Annual,ENSEMBLE IN A DRAMA SERIES,RUPERT FRIEND,HOMELAND,False,
2014, 20th Annual,ENSEMBLE IN A DRAMA SERIES,SARITA CHOUDHURY,HOMELAND,False,
2014, 20th Annual,ENSEMBLE IN A DRAMA SERIES,TRACY LETTS,HOMELAND,False,
2014, 20th Annual,FEMALE COMEDY SERIES,TINA FEY,30 ROCK,False,
2014, 20th Annual,FEMALE COMEDY SERIES,JULIE BOWEN,MODERN FAMILY,False,
2014, 20th Annual,FEMALE COMEDY SERIES,EDIE FALCO,NURSE JACKIE,False,
2014, 20th Annual,FEMALE COMEDY SERIES,MAYIM BIALIK,THE BIG BANG THEORY,False,
2014, 20th Annual,FEMALE COMEDY SERIES,JULIA LOUIS-DREYFUS,VEEP,True,
2014, 20th Annual,FEMALE DRAMA SERIES,JESSICA LANGE,AMERICAN HORROR STORY  COVEN,False,
2014, 20th Annual,FEMALE DRAMA SERIES,ANNA GUNN,BREAKING BAD,False,
2014, 20th Annual,FEMALE DRAMA SERIES,MAGGIE SMITH,DOWNTON ABBEY,True,
2014, 20th Annual,FEMALE DRAMA SERIES,CLAIRE DANES,HOMELAND,False,
2014, 20th Annual,FEMALE DRAMA SERIES,KERRY WASHINGTON,SCANDAL,False,
2014, 20th Annual,FEMALE LEAD ROLE,MERYL STREEP,AUGUST  OSAGE COUNTY,False,
2014, 20th Annual,FEMALE LEAD ROLE,CATE BLANCHETT,BLUE JASMINE,True,
2014, 20th Annual,FEMALE LEAD ROLE,SANDRA BULLOCK,GRAVITY,False,
2014, 20th Annual,FEMALE LEAD ROLE,JUDI DENCH,PHILOMENA,False,
2014, 20th Annual,FEMALE LEAD ROLE,EMMA THOMPSON,SAVING MR. BANKS,False,
2014, 20th Annual,FEMALE SUPPORTING ROLE,LUPITA NYONG'O,12 YEARS A SLAVE,True,
2014, 20th Annual,FEMALE SUPPORTING ROLE,JENNIFER LAWRENCE,AMERICAN HUSLE,False,
2014, 20th Annual,FEMALE SUPPORTING ROLE,JULIA ROBERTS,AUGUST  OSAGE COUNTY,False,
2014, 20th Annual,FEMALE SUPPORTING ROLE,OPRAH WINFREY,LEE DANIELS' THE BUTLER,False,
2014, 20th Annual,FEMALE SUPPORTING ROLE,JUNE SQUIBB,NEBRASKA,False,
2014, 20th Annual,FEMALE TV MOVIE OR MINISERIES,ANGELA BASSETT,BETTY & CORETTA,False,
2014, 20th Annual,FEMALE TV MOVIE OR MINISERIES,HELENA BONHAM CARTER,BURTON AND TAYLOR,False,
2014, 20th Annual,FEMALE TV MOVIE OR MINISERIES,HELEN MIRREN,PHIL SPECTOR,True,
2014, 20th Annual,FEMALE TV MOVIE OR MINISERIES,ELISABETH MOSS,TOP OF THE LAKE,False,
2014, 20th Annual,FEMALE TV MOVIE OR MINISERIES,HOLLY HUNTER,TOP OF THE LAKE,False,
2014, 20th Annual,LIFE ACHIEVEMENT,RITA MORENO,N/A,True,
2014, 20th Annual,MALE COMEDY SERIES,ALEC BALDWIN,30 ROCK,False,
2014, 20th Annual,MALE COMEDY SERIES,JASON BATEMAN,ARRESTED DEVELOPMENT,False,
2014, 20th Annual,MALE COMEDY SERIES,DON CHEADLE,HOUSE OF LIES,False,
2014, 20th Annual,MALE COMEDY SERIES,TY BURRELL,MODERN FAMILY,True,
2014, 20th Annual,MALE COMEDY SERIES,JIM PARSONS,THE BIG BANG THEORY,False,
2014, 20th Annual,MALE DRAMA SERIES,STEVE BUSCEMI,BOARDWALK EMPIRE,False,
2014, 20th Annual,MALE DRAMA SERIES,BRYAN CRANSTON,BREAKING BAD,True,
2014, 20th Annual,MALE DRAMA SERIES,PETER DINKLAGE,GAME OF THRONES,False,
2014, 20th Annual,MALE DRAMA SERIES,KEVIN SPACEY,HOUSE OF CARDS,False,
2014, 20th Annual,MALE DRAMA SERIES,JEFF DANIELS,THE NEWSROOM,False,
2014, 20th Annual,MALE LEAD ROLE,CHIWETEL EJIOFOR,12 YEARS A SLAVE,False,
2014, 20th Annual,MALE LEAD ROLE,TOM HANKS,CAPTAIN PHILLIPS,False,
2014, 20th Annual,MALE LEAD ROLE,MATTHEW McCONAUGHEY,DALLAS BUYERS CLUB,True,
2014, 20th Annual,MALE LEAD ROLE,FOREST WHITAKER,LEE DANIELS' THE BUTLER,False,
2014, 20th Annual,MALE LEAD ROLE,BRUCE DERN,NEBRASKA,False,
2014, 20th Annual,MALE SUPPORTING ROLE,MICHAEL FASSBENDER,12 YEARS A SLAVE,False,
2014, 20th Annual,MALE SUPPORTING ROLE,BARKHAD ABDI,CAPTAIN PHILLIPS,False,
2014, 20th Annual,MALE SUPPORTING ROLE,JARED LETO,DALLAS BUYERS CLUB,True,
2014, 20th Annual,MALE SUPPORTING ROLE,JAMES GANDOLFINI,ENOUGH SAID,False,
2014, 20th Annual,MALE SUPPORTING ROLE,DANIEL BR??HL,RUSH,False,
2014, 20th Annual,MALE TV MOVIE OR MINISERIES,MATT DAMON,BEHIND THE CANDELABRA,False,
2014, 20th Annual,MALE TV MOVIE OR MINISERIES,MICHAEL DOUGLAS,BEHIND THE CANDELABRA,True,
2014, 20th Annual,MALE TV MOVIE OR MINISERIES,ROB LOWE,KILLING KENNEDY,False,
2014, 20th Annual,MALE TV MOVIE OR MINISERIES,AL PACINO,PHIL SPECTOR,False,
2014, 20th Annual,MALE TV MOVIE OR MINISERIES,JEREMY IRONS,THE HOLLOW CROWN,False,
2014, 20th Annual,STUNT ENSEMBLE IN A MOTION PICTURE,,ALL IS LOST,False,
2014, 20th Annual,STUNT ENSEMBLE IN A MOTION PICTURE,,FAST & FURIOUS 6,False,
2014, 20th Annual,STUNT ENSEMBLE IN A MOTION PICTURE,,LONE SURVIVOR,True,
2014, 20th Annual,STUNT ENSEMBLE IN A MOTION PICTURE,,RUSH,False,
2014, 20th Annual,STUNT ENSEMBLE IN A MOTION PICTURE,,THE WOLVERINE,False,
2014, 20th Annual,STUNT ENSEMBLE IN A TELEVISION SERIES,,BOARDWALK EMPIRE,False,
2014, 20th Annual,STUNT ENSEMBLE IN A TELEVISION SERIES,,GAME OF THRONES,True,
2014, 20th Annual,STUNT ENSEMBLE IN A TELEVISION SERIES,,HOMELAND,False,
2014, 20th Annual,STUNT ENSEMBLE IN A TELEVISION SERIES,,THE WALKING DEAD,False,
2013, 19th Annual,CAST IN A MOTION PICTURE,,ARGO,True,
2013, 19th Annual,CAST IN A MOTION PICTURE,ALAN ARKIN,ARGO,True,
2013, 19th Annual,CAST IN A MOTION PICTURE,BEN AFFLECK,ARGO,True,
2013, 19th Annual,CAST IN A MOTION PICTURE,BRYAN CRANSTON,ARGO,True,
2013, 19th Annual,CAST IN A MOTION PICTURE,CHRIS MESSINA,ARGO,True,
2013, 19th Annual,CAST IN A MOTION PICTURE,CHRISTOPHER DENHAM,ARGO,True,
2013, 19th Annual,CAST IN A MOTION PICTURE,CLEA DUVALL,ARGO,True,
2013, 19th Annual,CAST IN A MOTION PICTURE,JOHN GOODMAN,ARGO,True,
2013, 19th Annual,CAST IN A MOTION PICTURE,KERRY BISH??,ARGO,True,
2013, 19th Annual,CAST IN A MOTION PICTURE,KYLE CHANDLER,ARGO,True,
2013, 19th Annual,CAST IN A MOTION PICTURE,RORY COCHRANE,ARGO,True,
2013, 19th Annual,CAST IN A MOTION PICTURE,SCOOT MCNAIRY,ARGO,True,
2013, 19th Annual,CAST IN A MOTION PICTURE,TATE DONOVAN,ARGO,True,
2013, 19th Annual,CAST IN A MOTION PICTURE,VICTOR GARBER,ARGO,True,
2013, 19th Annual,CAST IN A MOTION PICTURE,,LES MIS??RABLES,False,
2013, 19th Annual,CAST IN A MOTION PICTURE,AARON TVEIT,LES MIS??RABLES,False,
2013, 19th Annual,CAST IN A MOTION PICTURE,AMANDA SEYFRIED,LES MIS??RABLES,False,
2013, 19th Annual,CAST IN A MOTION PICTURE,ANNE HATHAWAY,LES MIS??RABLES,False,
2013, 19th Annual,CAST IN A MOTION PICTURE,COLM WILKINSON,LES MIS??RABLES,False,
2013, 19th Annual,CAST IN A MOTION PICTURE,DANIEL HUTTLESTONE,LES MIS??RABLES,False,
2013, 19th Annual,CAST IN A MOTION PICTURE,EDDIE REDMAYNE,LES MIS??RABLES,False,
2013, 19th Annual,CAST IN A MOTION PICTURE,HELENA BONHAM CARTER,LES MIS??RABLES,False,
2013, 19th Annual,CAST IN A MOTION PICTURE,HUGH JACKMAN,LES MIS??RABLES,False,
2013, 19th Annual,CAST IN A MOTION PICTURE,ISABELLE ALLEN,LES MIS??RABLES,False,
2013, 19th Annual,CAST IN A MOTION PICTURE,RUSSELL CROWE,LES MIS??RABLES,False,
2013, 19th Annual,CAST IN A MOTION PICTURE,SACHA BARON COHEN,LES MIS??RABLES,False,
2013, 19th Annual,CAST IN A MOTION PICTURE,SAMANTHA BARKS,LES MIS??RABLES,False,
2013, 19th Annual,CAST IN A MOTION PICTURE,,LINCOLN,False,
2013, 19th Annual,CAST IN A MOTION PICTURE,DANIEL DAY-LEWIS,LINCOLN,False,
2013, 19th Annual,CAST IN A MOTION PICTURE,DAVID STRATHAIRN,LINCOLN,False,
2013, 19th Annual,CAST IN A MOTION PICTURE,HAL HOLBROOK,LINCOLN,False,
2013, 19th Annual,CAST IN A MOTION PICTURE,JAMES SPADER,LINCOLN,False,
2013, 19th Annual,CAST IN A MOTION PICTURE,JOSEPH GORDON-LEVITT,LINCOLN,False,
2013, 19th Annual,CAST IN A MOTION PICTURE,SALLY FIELD,LINCOLN,False,
2013, 19th Annual,CAST IN A MOTION PICTURE,TOMMY LEE JONES,LINCOLN,False,
2013, 19th Annual,CAST IN A MOTION PICTURE,,SILVER LININGS PLAYBOOK,False,
2013, 19th Annual,CAST IN A MOTION PICTURE,ANUPAM KHER,SILVER LININGS PLAYBOOK,False,
2013, 19th Annual,CAST IN A MOTION PICTURE,BRADLEY COOPER,SILVER LININGS PLAYBOOK,False,
2013, 19th Annual,CAST IN A MOTION PICTURE,CHRIS TUCKER,SILVER LININGS PLAYBOOK,False,
2013, 19th Annual,CAST IN A MOTION PICTURE,JACKI WEAVER,SILVER LININGS PLAYBOOK,False,
2013, 19th Annual,CAST IN A MOTION PICTURE,JENNIFER LAWRENCE,SILVER LININGS PLAYBOOK,False,
2013, 19th Annual,CAST IN A MOTION PICTURE,ROBERT DE NIRO,SILVER LININGS PLAYBOOK,False,
2013, 19th Annual,CAST IN A MOTION PICTURE,,THE BEST EXOTIC MARIGOLD HOTEL,False,
2013, 19th Annual,CAST IN A MOTION PICTURE,BILL NIGHY,THE BEST EXOTIC MARIGOLD HOTEL,False,
2013, 19th Annual,CAST IN A MOTION PICTURE,CELIA IMRIE,THE BEST EXOTIC MARIGOLD HOTEL,False,
2013, 19th Annual,CAST IN A MOTION PICTURE,DEV PATEL,THE BEST EXOTIC MARIGOLD HOTEL,False,
2013, 19th Annual,CAST IN A MOTION PICTURE,JUDI DENCH,THE BEST EXOTIC MARIGOLD HOTEL,False,
2013, 19th Annual,CAST IN A MOTION PICTURE,MAGGIE SMITH,THE BEST EXOTIC MARIGOLD HOTEL,False,
2013, 19th Annual,CAST IN A MOTION PICTURE,PENELOPE WILTON,THE BEST EXOTIC MARIGOLD HOTEL,False,
2013, 19th Annual,CAST IN A MOTION PICTURE,RONALD PICKUP,THE BEST EXOTIC MARIGOLD HOTEL,False,
2013, 19th Annual,CAST IN A MOTION PICTURE,TOM WILKINSON,THE BEST EXOTIC MARIGOLD HOTEL,False,
2013, 19th Annual,ENSEMBLE IN A COMEDY SERIES,ALEC BALDWIN,30 ROCK,False,
2013, 19th Annual,ENSEMBLE IN A COMEDY SERIES,JACK MCBRAYER,30 ROCK,False,
2013, 19th Annual,ENSEMBLE IN A COMEDY SERIES,JANE KRAKOWSKI,30 ROCK,False,
2013, 19th Annual,ENSEMBLE IN A COMEDY SERIES,JUDAH FRIEDLANDER,30 ROCK,False,
2013, 19th Annual,ENSEMBLE IN A COMEDY SERIES,SCOTT ADSIT,30 ROCK,False,
2013, 19th Annual,ENSEMBLE IN A COMEDY SERIES,TINA FEY,30 ROCK,False,
2013, 19th Annual,ENSEMBLE IN A COMEDY SERIES,TRACY MORGAN,30 ROCK,False,
2013, 19th Annual,ENSEMBLE IN A COMEDY SERIES,ALEX NEWELL,GLEE,False,
2013, 19th Annual,ENSEMBLE IN A COMEDY SERIES,AMBER RILEY,GLEE,False,
2013, 19th Annual,ENSEMBLE IN A COMEDY SERIES,CHORD OVERSTREET,GLEE,False,
2013, 19th Annual,ENSEMBLE IN A COMEDY SERIES,CHRIS COLFER,GLEE,False,
2013, 19th Annual,ENSEMBLE IN A COMEDY SERIES,CORY MONTEITH,GLEE,False,
2013, 19th Annual,ENSEMBLE IN A COMEDY SERIES,DARREN CRISS,GLEE,False,
2013, 19th Annual,ENSEMBLE IN A COMEDY SERIES,DIANNA AGRON,GLEE,False,
2013, 19th Annual,ENSEMBLE IN A COMEDY SERIES,"HARRY SHUM, JR.",GLEE,False,
2013, 19th Annual,ENSEMBLE IN A COMEDY SERIES,HEATHER MORRIS,GLEE,False,
2013, 19th Annual,ENSEMBLE IN A COMEDY SERIES,JANE LYNCH,GLEE,False,
2013, 19th Annual,ENSEMBLE IN A COMEDY SERIES,JAYMA MAYS,GLEE,False,
2013, 19th Annual,ENSEMBLE IN A COMEDY SERIES,JENNA USHKOWITZ,GLEE,False,
2013, 19th Annual,ENSEMBLE IN A COMEDY SERIES,KEVIN MCHALE,GLEE,False,
2013, 19th Annual,ENSEMBLE IN A COMEDY SERIES,LEA MICHELE,GLEE,False,
2013, 19th Annual,ENSEMBLE IN A COMEDY SERIES,MARK SALLING,GLEE,False,
2013, 19th Annual,ENSEMBLE IN A COMEDY SERIES,MATTHEW MORRISON,GLEE,False,
2013, 19th Annual,ENSEMBLE IN A COMEDY SERIES,NAYA RIVERA,GLEE,False,
2013, 19th Annual,ENSEMBLE IN A COMEDY SERIES,SAMUEL LARSEN,GLEE,False,
2013, 19th Annual,ENSEMBLE IN A COMEDY SERIES,VANESSA LENGIES,GLEE,False,
2013, 19th Annual,ENSEMBLE IN A COMEDY SERIES,ARIEL WINTER,MODERN FAMILY,True,
2013, 19th Annual,ENSEMBLE IN A COMEDY SERIES,AUBREY ANDERSON-EMMONS,MODERN FAMILY,True,
2013, 19th Annual,ENSEMBLE IN A COMEDY SERIES,ED O'NEILL,MODERN FAMILY,True,
2013, 19th Annual,ENSEMBLE IN A COMEDY SERIES,ERIC STONESTREET,MODERN FAMILY,True,
2013, 19th Annual,ENSEMBLE IN A COMEDY SERIES,JESSE TYLER FERGUSON,MODERN FAMILY,True,
2013, 19th Annual,ENSEMBLE IN A COMEDY SERIES,JULIE BOWEN,MODERN FAMILY,True,
2013, 19th Annual,ENSEMBLE IN A COMEDY SERIES,NOLAN GOULD,MODERN FAMILY,True,
2013, 19th Annual,ENSEMBLE IN A COMEDY SERIES,RICO RODRIGUEZ,MODERN FAMILY,True,
2013, 19th Annual,ENSEMBLE IN A COMEDY SERIES,SARAH HYLAND,MODERN FAMILY,True,
2013, 19th Annual,ENSEMBLE IN A COMEDY SERIES,SOFIA VERGARA,MODERN FAMILY,True,
2013, 19th Annual,ENSEMBLE IN A COMEDY SERIES,TY BURRELL,MODERN FAMILY,True,
2013, 19th Annual,ENSEMBLE IN A COMEDY SERIES,ANNA DEAVERE SMITH,NURSE JACKIE,False,
2013, 19th Annual,ENSEMBLE IN A COMEDY SERIES,ARJUN GUPTA,NURSE JACKIE,False,
2013, 19th Annual,ENSEMBLE IN A COMEDY SERIES,BOBBY CANNAVALE,NURSE JACKIE,False,
2013, 19th Annual,ENSEMBLE IN A COMEDY SERIES,DOMINIC FUMUSA,NURSE JACKIE,False,
2013, 19th Annual,ENSEMBLE IN A COMEDY SERIES,EDIE FALCO,NURSE JACKIE,False,
2013, 19th Annual,ENSEMBLE IN A COMEDY SERIES,EVE BEST,NURSE JACKIE,False,
2013, 19th Annual,ENSEMBLE IN A COMEDY SERIES,JAKE CANNAVALE,NURSE JACKIE,False,
2013, 19th Annual,ENSEMBLE IN A COMEDY SERIES,LENNY JACOBSON,NURSE JACKIE,False,
2013, 19th Annual,ENSEMBLE IN A COMEDY SERIES,MACKENZIE ALADJEM,NURSE JACKIE,False,
2013, 19th Annual,ENSEMBLE IN A COMEDY SERIES,MERRITT WEVER,NURSE JACKIE,False,
2013, 19th Annual,ENSEMBLE IN A COMEDY SERIES,PAUL SCHULZE,NURSE JACKIE,False,
2013, 19th Annual,ENSEMBLE IN A COMEDY SERIES,PETER FACINELLI,NURSE JACKIE,False,
2013, 19th Annual,ENSEMBLE IN A COMEDY SERIES,RUBY JERINS,NURSE JACKIE,False,
2013, 19th Annual,ENSEMBLE IN A COMEDY SERIES,STEPHEN WALLEM,NURSE JACKIE,False,
2013, 19th Annual,ENSEMBLE IN A COMEDY SERIES,JIM PARSONS,THE BIG BANG THEORY,False,
2013, 19th Annual,ENSEMBLE IN A COMEDY SERIES,JOHNNY GALECKI,THE BIG BANG THEORY,False,
2013, 19th Annual,ENSEMBLE IN A COMEDY SERIES,KALEY CUOCO,THE BIG BANG THEORY,False,
2013, 19th Annual,ENSEMBLE IN A COMEDY SERIES,KUNAL NAYYAR,THE BIG BANG THEORY,False,
2013, 19th Annual,ENSEMBLE IN A COMEDY SERIES,MAYIM BIALIK,THE BIG BANG THEORY,False,
2013, 19th Annual,ENSEMBLE IN A COMEDY SERIES,MELISSA RAUCH,THE BIG BANG THEORY,False,
2013, 19th Annual,ENSEMBLE IN A COMEDY SERIES,SIMON HELBERG,THE BIG BANG THEORY,False,
2013, 19th Annual,ENSEMBLE IN A COMEDY SERIES,ANGELA KINSEY,THE OFFICE,False,
2013, 19th Annual,ENSEMBLE IN A COMEDY SERIES,B.J. NOVAK,THE OFFICE,False,
2013, 19th Annual,ENSEMBLE IN A COMEDY SERIES,BRIAN BAUMGARTNER,THE OFFICE,False,
2013, 19th Annual,ENSEMBLE IN A COMEDY SERIES,CATHERINE TATE,THE OFFICE,False,
2013, 19th Annual,ENSEMBLE IN A COMEDY SERIES,CLARK DUKE,THE OFFICE,False,
2013, 19th Annual,ENSEMBLE IN A COMEDY SERIES,CRAIG ROBINSON,THE OFFICE,False,
2013, 19th Annual,ENSEMBLE IN A COMEDY SERIES,CREED BRATTON,THE OFFICE,False,
2013, 19th Annual,ENSEMBLE IN A COMEDY SERIES,ED HELMS,THE OFFICE,False,
2013, 19th Annual,ENSEMBLE IN A COMEDY SERIES,ELLIE KEMPER,THE OFFICE,False,
2013, 19th Annual,ENSEMBLE IN A COMEDY SERIES,JAKE LACY,THE OFFICE,False,
2013, 19th Annual,ENSEMBLE IN A COMEDY SERIES,JENNA FISCHER,THE OFFICE,False,
2013, 19th Annual,ENSEMBLE IN A COMEDY SERIES,JOHN KRASINSKI,THE OFFICE,False,
2013, 19th Annual,ENSEMBLE IN A COMEDY SERIES,KATE FLANNERY,THE OFFICE,False,
2013, 19th Annual,ENSEMBLE IN A COMEDY SERIES,LESLIE DAVID BAKER,THE OFFICE,False,
2013, 19th Annual,ENSEMBLE IN A COMEDY SERIES,MINDY KALING,THE OFFICE,False,
2013, 19th Annual,ENSEMBLE IN A COMEDY SERIES,OSCAR NU??EZ,THE OFFICE,False,
2013, 19th Annual,ENSEMBLE IN A COMEDY SERIES,PAUL LIEBERSTEIN,THE OFFICE,False,
2013, 19th Annual,ENSEMBLE IN A COMEDY SERIES,PHYLLIS SMITH,THE OFFICE,False,
2013, 19th Annual,ENSEMBLE IN A COMEDY SERIES,RAINN WILSON,THE OFFICE,False,
2013, 19th Annual,ENSEMBLE IN A DRAMA SERIES,,BOARDWALK EMPIRE,False,
2013, 19th Annual,ENSEMBLE IN A DRAMA SERIES,ANATOL YUSEF,BOARDWALK EMPIRE,False,
2013, 19th Annual,ENSEMBLE IN A DRAMA SERIES,ANTHONY LACIURA,BOARDWALK EMPIRE,False,
2013, 19th Annual,ENSEMBLE IN A DRAMA SERIES,BOBBY CANNAVALE,BOARDWALK EMPIRE,False,
2013, 19th Annual,ENSEMBLE IN A DRAMA SERIES,CHARLIE COX,BOARDWALK EMPIRE,False,
2013, 19th Annual,ENSEMBLE IN A DRAMA SERIES,CHRIS CALDOVINO,BOARDWALK EMPIRE,False,
2013, 19th Annual,ENSEMBLE IN A DRAMA SERIES,GRETCHEN MOL,BOARDWALK EMPIRE,False,
2013, 19th Annual,ENSEMBLE IN A DRAMA SERIES,JACK HUSTON,BOARDWALK EMPIRE,False,
2013, 19th Annual,ENSEMBLE IN A DRAMA SERIES,KELLY MACDONALD,BOARDWALK EMPIRE,False,
2013, 19th Annual,ENSEMBLE IN A DRAMA SERIES,MEG CHAMBERS STEEDLE,BOARDWALK EMPIRE,False,
2013, 19th Annual,ENSEMBLE IN A DRAMA SERIES,MICHAEL STUHLBARG,BOARDWALK EMPIRE,False,
2013, 19th Annual,ENSEMBLE IN A DRAMA SERIES,PATRICK KENNEDY,BOARDWALK EMPIRE,False,
2013, 19th Annual,ENSEMBLE IN A DRAMA SERIES,PAUL SPARKS,BOARDWALK EMPIRE,False,
2013, 19th Annual,ENSEMBLE IN A DRAMA SERIES,SHEA WHIGHAM,BOARDWALK EMPIRE,False,
2013, 19th Annual,ENSEMBLE IN A DRAMA SERIES,STEVE BUSCEMI,BOARDWALK EMPIRE,False,
2013, 19th Annual,ENSEMBLE IN A DRAMA SERIES,VINCENT PIAZZA,BOARDWALK EMPIRE,False,
2013, 19th Annual,ENSEMBLE IN A DRAMA SERIES,,BREAKING BAD,False,
2013, 19th Annual,ENSEMBLE IN A DRAMA SERIES,AARON PAUL,BREAKING BAD,False,
2013, 19th Annual,ENSEMBLE IN A DRAMA SERIES,ANNA GUNN,BREAKING BAD,False,
2013, 19th Annual,ENSEMBLE IN A DRAMA SERIES,BETSY BRANDT,BREAKING BAD,False,
2013, 19th Annual,ENSEMBLE IN A DRAMA SERIES,BOB ODENKIRK,BREAKING BAD,False,
2013, 19th Annual,ENSEMBLE IN A DRAMA SERIES,BRYAN CRANSTON,BREAKING BAD,False,
2013, 19th Annual,ENSEMBLE IN A DRAMA SERIES,DEAN NORRIS,BREAKING BAD,False,
2013, 19th Annual,ENSEMBLE IN A DRAMA SERIES,JESSE PLEMONS,BREAKING BAD,False,
2013, 19th Annual,ENSEMBLE IN A DRAMA SERIES,JONATHAN BANKS,BREAKING BAD,False,
2013, 19th Annual,ENSEMBLE IN A DRAMA SERIES,LAURA FRASER,BREAKING BAD,False,
2013, 19th Annual,ENSEMBLE IN A DRAMA SERIES,RJ MITTE,BREAKING BAD,False,
2013, 19th Annual,ENSEMBLE IN A DRAMA SERIES,STEVEN MICHAEL QUEZADA,BREAKING BAD,False,
2013, 19th Annual,ENSEMBLE IN A DRAMA SERIES,,DOWNTON ABBEY,True,
2013, 19th Annual,ENSEMBLE IN A DRAMA SERIES,ALLEN LEECH,DOWNTON ABBEY,True,
2013, 19th Annual,ENSEMBLE IN A DRAMA SERIES,AMY NUTTALL,DOWNTON ABBEY,True,
2013, 19th Annual,ENSEMBLE IN A DRAMA SERIES,BRENDAN COYLE,DOWNTON ABBEY,True,
2013, 19th Annual,ENSEMBLE IN A DRAMA SERIES,DAN STEVENS,DOWNTON ABBEY,True,
2013, 19th Annual,ENSEMBLE IN A DRAMA SERIES,DAVID ROBB,DOWNTON ABBEY,True,
2013, 19th Annual,ENSEMBLE IN A DRAMA SERIES,ELIZABETH MCGOVERN,DOWNTON ABBEY,True,
2013, 19th Annual,ENSEMBLE IN A DRAMA SERIES,HUGH BONNEVILLE,DOWNTON ABBEY,True,
2013, 19th Annual,ENSEMBLE IN A DRAMA SERIES,IAIN GLEN,DOWNTON ABBEY,True,
2013, 19th Annual,ENSEMBLE IN A DRAMA SERIES,JESSICA BROWN FINDLAY,DOWNTON ABBEY,True,
2013, 19th Annual,ENSEMBLE IN A DRAMA SERIES,JIM CARTER,DOWNTON ABBEY,True,
2013, 19th Annual,ENSEMBLE IN A DRAMA SERIES,JOANNE FROGGATT,DOWNTON ABBEY,True,
2013, 19th Annual,ENSEMBLE IN A DRAMA SERIES,LAURA CARMICHAEL,DOWNTON ABBEY,True,
2013, 19th Annual,ENSEMBLE IN A DRAMA SERIES,LESLEY NICOL,DOWNTON ABBEY,True,
2013, 19th Annual,ENSEMBLE IN A DRAMA SERIES,MAGGIE SMITH,DOWNTON ABBEY,True,
2013, 19th Annual,ENSEMBLE IN A DRAMA SERIES,MICHELLE DOCKERY,DOWNTON ABBEY,True,
2013, 19th Annual,ENSEMBLE IN A DRAMA SERIES,PENELOPE WILTON,DOWNTON ABBEY,True,
2013, 19th Annual,ENSEMBLE IN A DRAMA SERIES,PHYLLIS LOGAN,DOWNTON ABBEY,True,
2013, 19th Annual,ENSEMBLE IN A DRAMA SERIES,ROB JAMES-COLLIER,DOWNTON ABBEY,True,
2013, 19th Annual,ENSEMBLE IN A DRAMA SERIES,SIOBHAN FINNERAN,DOWNTON ABBEY,True,
2013, 19th Annual,ENSEMBLE IN A DRAMA SERIES,SOPHIE MCSHERA,DOWNTON ABBEY,True,
2013, 19th Annual,ENSEMBLE IN A DRAMA SERIES,THOMAS HOWES,DOWNTON ABBEY,True,
2013, 19th Annual,ENSEMBLE IN A DRAMA SERIES,ZOE BOYLE,DOWNTON ABBEY,True,
2013, 19th Annual,ENSEMBLE IN A DRAMA SERIES,,HOMELAND,False,
2013, 19th Annual,ENSEMBLE IN A DRAMA SERIES,CLAIRE DANES,HOMELAND,False,
2013, 19th Annual,ENSEMBLE IN A DRAMA SERIES,DAMIAN LEWIS,HOMELAND,False,
2013, 19th Annual,ENSEMBLE IN A DRAMA SERIES,DAVID HAREWOOD,HOMELAND,False,
2013, 19th Annual,ENSEMBLE IN A DRAMA SERIES,DAVID MARCIANO,HOMELAND,False,
2013, 19th Annual,ENSEMBLE IN A DRAMA SERIES,DIEGO KLATTENHOFF,HOMELAND,False,
2013, 19th Annual,ENSEMBLE IN A DRAMA SERIES,JACKSON PACE,HOMELAND,False,
2013, 19th Annual,ENSEMBLE IN A DRAMA SERIES,JAMEY SHERIDAN,HOMELAND,False,
2013, 19th Annual,ENSEMBLE IN A DRAMA SERIES,MANDY PATINKIN,HOMELAND,False,
2013, 19th Annual,ENSEMBLE IN A DRAMA SERIES,MORENA BACCARIN,HOMELAND,False,
2013, 19th Annual,ENSEMBLE IN A DRAMA SERIES,MORGAN SAYLOR,HOMELAND,False,
2013, 19th Annual,ENSEMBLE IN A DRAMA SERIES,NAVID NEGAHBAN,HOMELAND,False,
2013, 19th Annual,ENSEMBLE IN A DRAMA SERIES,RUPERT FRIEND,HOMELAND,False,
2013, 19th Annual,ENSEMBLE IN A DRAMA SERIES,TIMOTH??E CHALAMET,HOMELAND,False,
2013, 19th Annual,ENSEMBLE IN A DRAMA SERIES,ZULEIKHA ROBINSON,HOMELAND,False,
2013, 19th Annual,ENSEMBLE IN A DRAMA SERIES,,MAD MEN,False,
2013, 19th Annual,ENSEMBLE IN A DRAMA SERIES,AARON STATON,MAD MEN,False,
2013, 19th Annual,ENSEMBLE IN A DRAMA SERIES,BEN FELDMAN,MAD MEN,False,
2013, 19th Annual,ENSEMBLE IN A DRAMA SERIES,CHRISTINA HENDRICKS,MAD MEN,False,
2013, 19th Annual,ENSEMBLE IN A DRAMA SERIES,ELISABETH MOSS,MAD MEN,False,
2013, 19th Annual,ENSEMBLE IN A DRAMA SERIES,JARED HARRIS,MAD MEN,False,
2013, 19th Annual,ENSEMBLE IN A DRAMA SERIES,JAY R. FERGUSON,MAD MEN,False,
2013, 19th Annual,ENSEMBLE IN A DRAMA SERIES,JESSICA PAR??,MAD MEN,False,
2013, 19th Annual,ENSEMBLE IN A DRAMA SERIES,JOHN SLATTERY,MAD MEN,False,
2013, 19th Annual,ENSEMBLE IN A DRAMA SERIES,JON HAMM,MAD MEN,False,
2013, 19th Annual,ENSEMBLE IN A DRAMA SERIES,KIERNAN SHIPKA,MAD MEN,False,
2013, 19th Annual,ENSEMBLE IN A DRAMA SERIES,RICH SOMMER,MAD MEN,False,
2013, 19th Annual,ENSEMBLE IN A DRAMA SERIES,ROBERT MORSE,MAD MEN,False,
2013, 19th Annual,ENSEMBLE IN A DRAMA SERIES,TEYONAH PARRIS,MAD MEN,False,
2013, 19th Annual,ENSEMBLE IN A DRAMA SERIES,VINCENT KARTHEISER,MAD MEN,False,
2013, 19th Annual,FEMALE COMEDY SERIES,TINA FEY,30 ROCK,True,
2013, 19th Annual,FEMALE COMEDY SERIES,BETTY WHITE,HOT IN CLEVELAND,False,
2013, 19th Annual,FEMALE COMEDY SERIES,SOFIA VERGARA,MODERN FAMILY,False,
2013, 19th Annual,FEMALE COMEDY SERIES,EDIE FALCO,NURSE JACKIE,False,
2013, 19th Annual,FEMALE COMEDY SERIES,AMY POEHLER,PARKS AND RECREATION,False,
2013, 19th Annual,FEMALE DRAMA SERIES,JESSICA LANGE,AMERICAN HORROR STORY: ASYLUM,False,
2013, 19th Annual,FEMALE DRAMA SERIES,MAGGIE SMITH,DOWNTON ABBEY,False,
2013, 19th Annual,FEMALE DRAMA SERIES,MICHELLE DOCKERY,DOWNTON ABBEY,False,
2013, 19th Annual,FEMALE DRAMA SERIES,CLAIRE DANES,HOMELAND,True,
2013, 19th Annual,FEMALE DRAMA SERIES,JULIANNA MARGULIES,THE GOOD WIFE,False,
2013, 19th Annual,FEMALE LEAD ROLE,HELEN MIRREN,HITCHCOCK,False,
2013, 19th Annual,FEMALE LEAD ROLE,MARION COTILLARD,RUST AND BONE,False,
2013, 19th Annual,FEMALE LEAD ROLE,JENNIFER LAWRENCE,SILVER LININGS PLAYBOOK,True,
2013, 19th Annual,FEMALE LEAD ROLE,NAOMI WATTS,THE IMPOSSIBLE,False,
2013, 19th Annual,FEMALE LEAD ROLE,JESSICA CHASTAIN,ZERO DARK THIRTY,False,
2013, 19th Annual,FEMALE SUPPORTING ROLE,ANNE HATHAWAY,LES MIS??RABLES,True,
2013, 19th Annual,FEMALE SUPPORTING ROLE,SALLY FIELD,LINCOLN,False,
2013, 19th Annual,FEMALE SUPPORTING ROLE,MAGGIE SMITH,THE BEST EXOTIC MARIGOLD HOTEL,False,
2013, 19th Annual,FEMALE SUPPORTING ROLE,NICOLE KIDMAN,THE PAPERBOY,False,
2013, 19th Annual,FEMALE SUPPORTING ROLE,HELEN HUNT,THE SESSIONS,False,
2013, 19th Annual,FEMALE TV MOVIE OR MINISERIES,JULIANNE MOORE,GAME CHANGE,True,
2013, 19th Annual,FEMALE TV MOVIE OR MINISERIES,NICOLE KIDMAN,HEMINGWAY & GELLHORN,False,
2013, 19th Annual,FEMALE TV MOVIE OR MINISERIES,SIGOURNEY WEAVER,POLITICAL ANIMALS,False,
2013, 19th Annual,FEMALE TV MOVIE OR MINISERIES,CHARLOTTE RAMPLING,RESTLESS,False,
2013, 19th Annual,FEMALE TV MOVIE OR MINISERIES,ALFRE WOODARD,STEEL MAGNOLIAS,False,
2013, 19th Annual,LIFE ACHIEVEMENT,DICK VAN DYKE,N/A,True,
2013, 19th Annual,MALE COMEDY SERIES,ALEC BALDWIN,30 ROCK,True,
2013, 19th Annual,MALE COMEDY SERIES,LOUIS C.K.,LOUIE,False,
2013, 19th Annual,MALE COMEDY SERIES,ERIC STONESTREET,MODERN FAMILY,False,
2013, 19th Annual,MALE COMEDY SERIES,TY BURRELL,MODERN FAMILY,False,
2013, 19th Annual,MALE COMEDY SERIES,JIM PARSONS,THE BIG BANG THEORY,False,
2013, 19th Annual,MALE DRAMA SERIES,STEVE BUSCEMI,BOARDWALK EMPIRE,False,
2013, 19th Annual,MALE DRAMA SERIES,BRYAN CRANSTON,BREAKING BAD,True,
2013, 19th Annual,MALE DRAMA SERIES,DAMIAN LEWIS,HOMELAND,False,
2013, 19th Annual,MALE DRAMA SERIES,JON HAMM,MAD MEN,False,
2013, 19th Annual,MALE DRAMA SERIES,JEFF DANIELS,THE NEWSROOM,False,
2013, 19th Annual,MALE LEAD ROLE,DENZEL WASHINGTON,FLIGHT,False,
2013, 19th Annual,MALE LEAD ROLE,HUGH JACKMAN,LES MIS??RABLES,False,
2013, 19th Annual,MALE LEAD ROLE,DANIEL DAY-LEWIS,LINCOLN,True,
2013, 19th Annual,MALE LEAD ROLE,BRADLEY COOPER,SILVER LININGS PLAYBOOK,False,
2013, 19th Annual,MALE LEAD ROLE,JOHN HAWKES,THE SESSIONS,False,
2013, 19th Annual,MALE SUPPORTING ROLE,ALAN ARKIN,ARGO,False,
2013, 19th Annual,MALE SUPPORTING ROLE,TOMMY LEE JONES,LINCOLN,True,
2013, 19th Annual,MALE SUPPORTING ROLE,ROBERT DE NIRO,SILVER LININGS PLAYBOOK,False,
2013, 19th Annual,MALE SUPPORTING ROLE,JAVIER BARDEM,SKYFALL,False,
2013, 19th Annual,MALE SUPPORTING ROLE,PHILIP SEYMOUR HOFFMAN,THE MASTER,False,
2013, 19th Annual,MALE TV MOVIE OR MINISERIES,CLIVE OWEN,ERNEST HEMINGWAY,False,
2013, 19th Annual,MALE TV MOVIE OR MINISERIES,ED HARRIS,GAME CHANGE,False,
2013, 19th Annual,MALE TV MOVIE OR MINISERIES,WOODY HARRELSON,GAME CHANGE,False,
2013, 19th Annual,MALE TV MOVIE OR MINISERIES,BILL PAXTON,HATFIELDS & MCCOYS,False,
2013, 19th Annual,MALE TV MOVIE OR MINISERIES,KEVIN COSTNER,HATFIELDS & MCCOYS,True,
2013, 19th Annual,STUNT ENSEMBLE IN A MOTION PICTURE,,LES MIS??RABLES,False,
2013, 19th Annual,STUNT ENSEMBLE IN A MOTION PICTURE,,SKYFALL,True,
2013, 19th Annual,STUNT ENSEMBLE IN A MOTION PICTURE,,THE AMAZING SPIDER-MAN,False,
2013, 19th Annual,STUNT ENSEMBLE IN A MOTION PICTURE,,THE BOURNE LEGACY,False,
2013, 19th Annual,STUNT ENSEMBLE IN A MOTION PICTURE,,THE DARK KNIGHT RISES,False,
2013, 19th Annual,STUNT ENSEMBLE IN A TELEVISION SERIES,,BOARDWALK EMPIRE,False,
2013, 19th Annual,STUNT ENSEMBLE IN A TELEVISION SERIES,,BREAKING BAD,False,
2013, 19th Annual,STUNT ENSEMBLE IN A TELEVISION SERIES,,GAME OF THRONES,True,
2013, 19th Annual,STUNT ENSEMBLE IN A TELEVISION SERIES,,SONES OF ANARCHY,False,
2013, 19th Annual,STUNT ENSEMBLE IN A TELEVISION SERIES,,THE WALKING DEAD,False,
2012, 18th Annual,CAST IN A MOTION PICTURE,CHRIS O'DOWD,BRIDESMAIDS,False,
2012, 18th Annual,CAST IN A MOTION PICTURE,ELLIE KEMPER,BRIDESMAIDS,False,
2012, 18th Annual,CAST IN A MOTION PICTURE,JILL CLAYBURGH,BRIDESMAIDS,False,
2012, 18th Annual,CAST IN A MOTION PICTURE,KRISTEN WIIG,BRIDESMAIDS,False,
2012, 18th Annual,CAST IN A MOTION PICTURE,MATT LUCAS,BRIDESMAIDS,False,
2012, 18th Annual,CAST IN A MOTION PICTURE,MAYA RUDOLPH,BRIDESMAIDS,False,
2012, 18th Annual,CAST IN A MOTION PICTURE,MELISSA MCCARTHY,BRIDESMAIDS,False,
2012, 18th Annual,CAST IN A MOTION PICTURE,ROSE BYRNE,BRIDESMAIDS,False,
2012, 18th Annual,CAST IN A MOTION PICTURE,WENDI MCLENDON-COVEY,BRIDESMAIDS,False,
2012, 18th Annual,CAST IN A MOTION PICTURE,ADRIEN BRODY,MIDNIGHT IN PARIS,False,
2012, 18th Annual,CAST IN A MOTION PICTURE,CARLA BRUNI,MIDNIGHT IN PARIS,False,
2012, 18th Annual,CAST IN A MOTION PICTURE,KATHY BATES,MIDNIGHT IN PARIS,False,
2012, 18th Annual,CAST IN A MOTION PICTURE,MARION COTILLARD,MIDNIGHT IN PARIS,False,
2012, 18th Annual,CAST IN A MOTION PICTURE,MICHAEL SHEEN,MIDNIGHT IN PARIS,False,
2012, 18th Annual,CAST IN A MOTION PICTURE,OWEN WILSON,MIDNIGHT IN PARIS,False,
2012, 18th Annual,CAST IN A MOTION PICTURE,RACHEL MCADAMS,MIDNIGHT IN PARIS,False,
2012, 18th Annual,CAST IN A MOTION PICTURE,B??R??NICE BEJO,THE ARTIST,False,
2012, 18th Annual,CAST IN A MOTION PICTURE,JAMES CROMWELL,THE ARTIST,False,
2012, 18th Annual,CAST IN A MOTION PICTURE,JEAN DUJARDIN,THE ARTIST,False,
2012, 18th Annual,CAST IN A MOTION PICTURE,JOHN GOODMAN,THE ARTIST,False,
2012, 18th Annual,CAST IN A MOTION PICTURE,PENELOPE ANN MILLER,THE ARTIST,False,
2012, 18th Annual,CAST IN A MOTION PICTURE,BEAU BRIDGES,THE DESCENDANTS,False,
2012, 18th Annual,CAST IN A MOTION PICTURE,GEORGE CLOONEY,THE DESCENDANTS,False,
2012, 18th Annual,CAST IN A MOTION PICTURE,JUDY GREER,THE DESCENDANTS,False,
2012, 18th Annual,CAST IN A MOTION PICTURE,MATTHEW LILLARD,THE DESCENDANTS,False,
2012, 18th Annual,CAST IN A MOTION PICTURE,ROBERT FORSTER,THE DESCENDANTS,False,
2012, 18th Annual,CAST IN A MOTION PICTURE,SHAILENE WOODLEY,THE DESCENDANTS,False,
2012, 18th Annual,CAST IN A MOTION PICTURE,AHNA O'REILLY,THE HELP,True,
2012, 18th Annual,CAST IN A MOTION PICTURE,ALLISON JANNEY,THE HELP,True,
2012, 18th Annual,CAST IN A MOTION PICTURE,BRYCE DALLAS HOWARD,THE HELP,True,
2012, 18th Annual,CAST IN A MOTION PICTURE,CHRIS LOWELL,THE HELP,True,
2012, 18th Annual,CAST IN A MOTION PICTURE,CICELY TYSON,THE HELP,True,
2012, 18th Annual,CAST IN A MOTION PICTURE,EMMA STONE,THE HELP,True,
2012, 18th Annual,CAST IN A MOTION PICTURE,JESSICA CHASTAIN,THE HELP,True,
2012, 18th Annual,CAST IN A MOTION PICTURE,MARY STEENBURGEN,THE HELP,True,
2012, 18th Annual,CAST IN A MOTION PICTURE,MIKE VOGEL,THE HELP,True,
2012, 18th Annual,CAST IN A MOTION PICTURE,OCTAVIA SPENCER,THE HELP,True,
2012, 18th Annual,CAST IN A MOTION PICTURE,SISSY SPACEK,THE HELP,True,
2012, 18th Annual,CAST IN A MOTION PICTURE,VIOLA DAVIS,THE HELP,True,
2012, 18th Annual,ENSEMBLE IN A COMEDY SERIES,,30 ROCK,False,
2012, 18th Annual,ENSEMBLE IN A COMEDY SERIES,ALEC BALDWIN,30 ROCK,False,
2012, 18th Annual,ENSEMBLE IN A COMEDY SERIES,GRIZZ CHAPMAN,30 ROCK,False,
2012, 18th Annual,ENSEMBLE IN A COMEDY SERIES,JACK MCBRAYER,30 ROCK,False,
2012, 18th Annual,ENSEMBLE IN A COMEDY SERIES,JANE KRAKOWSKI,30 ROCK,False,
2012, 18th Annual,ENSEMBLE IN A COMEDY SERIES,JOHN LUTZ,30 ROCK,False,
2012, 18th Annual,ENSEMBLE IN A COMEDY SERIES,JUDAH FRIEDLANDER,30 ROCK,False,
2012, 18th Annual,ENSEMBLE IN A COMEDY SERIES,KATRINA BOWDEN,30 ROCK,False,
2012, 18th Annual,ENSEMBLE IN A COMEDY SERIES,KEITH POWELL,30 ROCK,False,
2012, 18th Annual,ENSEMBLE IN A COMEDY SERIES,KEVIN BROWN,30 ROCK,False,
2012, 18th Annual,ENSEMBLE IN A COMEDY SERIES,SCOTT ADSIT,30 ROCK,False,
2012, 18th Annual,ENSEMBLE IN A COMEDY SERIES,TINA FEY,30 ROCK,False,
2012, 18th Annual,ENSEMBLE IN A COMEDY SERIES,TRACY MORGAN,30 ROCK,False,
2012, 18th Annual,ENSEMBLE IN A COMEDY SERIES,,GLEE,False,
2012, 18th Annual,ENSEMBLE IN A COMEDY SERIES,AMBER RILEY,GLEE,False,
2012, 18th Annual,ENSEMBLE IN A COMEDY SERIES,ASHLEY FINK,GLEE,False,
2012, 18th Annual,ENSEMBLE IN A COMEDY SERIES,CHORD OVERSTREET,GLEE,False,
2012, 18th Annual,ENSEMBLE IN A COMEDY SERIES,CHRIS COLFER,GLEE,False,
2012, 18th Annual,ENSEMBLE IN A COMEDY SERIES,CORY MONTEITH,GLEE,False,
2012, 18th Annual,ENSEMBLE IN A COMEDY SERIES,DARREN CRISS,GLEE,False,
2012, 18th Annual,ENSEMBLE IN A COMEDY SERIES,DIANNA AGRON,GLEE,False,
2012, 18th Annual,ENSEMBLE IN A COMEDY SERIES,DOT MARIE JONES,GLEE,False,
2012, 18th Annual,ENSEMBLE IN A COMEDY SERIES,"HARRY SHUM, JR.",GLEE,False,
2012, 18th Annual,ENSEMBLE IN A COMEDY SERIES,HEATHER MORRIS,GLEE,False,
2012, 18th Annual,ENSEMBLE IN A COMEDY SERIES,IQBAL THEBA,GLEE,False,
2012, 18th Annual,ENSEMBLE IN A COMEDY SERIES,JANE LYNCH,GLEE,False,
2012, 18th Annual,ENSEMBLE IN A COMEDY SERIES,JAYMA MAYS,GLEE,False,
2012, 18th Annual,ENSEMBLE IN A COMEDY SERIES,JENNA USHKOWITZ,GLEE,False,
2012, 18th Annual,ENSEMBLE IN A COMEDY SERIES,KEVIN MCHALE,GLEE,False,
2012, 18th Annual,ENSEMBLE IN A COMEDY SERIES,LAUREN POTTER,GLEE,False,
2012, 18th Annual,ENSEMBLE IN A COMEDY SERIES,LEA MICHELE,GLEE,False,
2012, 18th Annual,ENSEMBLE IN A COMEDY SERIES,MARK SALLING,GLEE,False,
2012, 18th Annual,ENSEMBLE IN A COMEDY SERIES,MATTHEW MORRISON,GLEE,False,
2012, 18th Annual,ENSEMBLE IN A COMEDY SERIES,MIKE O'MALLEY,GLEE,False,
2012, 18th Annual,ENSEMBLE IN A COMEDY SERIES,NAYA RIVERA,GLEE,False,
2012, 18th Annual,ENSEMBLE IN A COMEDY SERIES,,MODERN FAMILY,True,
2012, 18th Annual,ENSEMBLE IN A COMEDY SERIES,ARIEL WINTER,MODERN FAMILY,True,
2012, 18th Annual,ENSEMBLE IN A COMEDY SERIES,AUBREY ANDERSON-EMMONS,MODERN FAMILY,True,
2012, 18th Annual,ENSEMBLE IN A COMEDY SERIES,ED O'NEILL,MODERN FAMILY,True,
2012, 18th Annual,ENSEMBLE IN A COMEDY SERIES,ERIC STONESTREET,MODERN FAMILY,True,
2012, 18th Annual,ENSEMBLE IN A COMEDY SERIES,JESSE TYLER FERGUSON,MODERN FAMILY,True,
2012, 18th Annual,ENSEMBLE IN A COMEDY SERIES,JULIE BOWEN,MODERN FAMILY,True,
2012, 18th Annual,ENSEMBLE IN A COMEDY SERIES,NOLAN GOULD,MODERN FAMILY,True,
2012, 18th Annual,ENSEMBLE IN A COMEDY SERIES,RICO RODRIGUEZ,MODERN FAMILY,True,
2012, 18th Annual,ENSEMBLE IN A COMEDY SERIES,SARAH HYLAND,MODERN FAMILY,True,
2012, 18th Annual,ENSEMBLE IN A COMEDY SERIES,SOFIA VERGARA,MODERN FAMILY,True,
2012, 18th Annual,ENSEMBLE IN A COMEDY SERIES,TY BURRELL,MODERN FAMILY,True,
2012, 18th Annual,ENSEMBLE IN A COMEDY SERIES,,THE BIG BANG THEORY,False,
2012, 18th Annual,ENSEMBLE IN A COMEDY SERIES,JIM PARSONS,THE BIG BANG THEORY,False,
2012, 18th Annual,ENSEMBLE IN A COMEDY SERIES,JOHNNY GALECKI,THE BIG BANG THEORY,False,
2012, 18th Annual,ENSEMBLE IN A COMEDY SERIES,KALEY CUOCO,THE BIG BANG THEORY,False,
2012, 18th Annual,ENSEMBLE IN A COMEDY SERIES,KUNAL NAYYAR,THE BIG BANG THEORY,False,
2012, 18th Annual,ENSEMBLE IN A COMEDY SERIES,MAYIM BIALIK,THE BIG BANG THEORY,False,
2012, 18th Annual,ENSEMBLE IN A COMEDY SERIES,MELISSA RAUCH,THE BIG BANG THEORY,False,
2012, 18th Annual,ENSEMBLE IN A COMEDY SERIES,SIMON HELBERG,THE BIG BANG THEORY,False,
2012, 18th Annual,ENSEMBLE IN A COMEDY SERIES,,THE OFFICE,False,
2012, 18th Annual,ENSEMBLE IN A COMEDY SERIES,ANGELA KINSEY,THE OFFICE,False,
2012, 18th Annual,ENSEMBLE IN A COMEDY SERIES,B.J. NOVAK,THE OFFICE,False,
2012, 18th Annual,ENSEMBLE IN A COMEDY SERIES,BRIAN BAUMGARTNER,THE OFFICE,False,
2012, 18th Annual,ENSEMBLE IN A COMEDY SERIES,CRAIG ROBINSON,THE OFFICE,False,
2012, 18th Annual,ENSEMBLE IN A COMEDY SERIES,CREED BRATTON,THE OFFICE,False,
2012, 18th Annual,ENSEMBLE IN A COMEDY SERIES,ED HELMS,THE OFFICE,False,
2012, 18th Annual,ENSEMBLE IN A COMEDY SERIES,ELLIE KEMPER,THE OFFICE,False,
2012, 18th Annual,ENSEMBLE IN A COMEDY SERIES,JAMES SPADER,THE OFFICE,False,
2012, 18th Annual,ENSEMBLE IN A COMEDY SERIES,JENNA FISCHER,THE OFFICE,False,
2012, 18th Annual,ENSEMBLE IN A COMEDY SERIES,JOHN KRASINSKI,THE OFFICE,False,
2012, 18th Annual,ENSEMBLE IN A COMEDY SERIES,KATE FLANNERY,THE OFFICE,False,
2012, 18th Annual,ENSEMBLE IN A COMEDY SERIES,LESLIE DAVID BAKER,THE OFFICE,False,
2012, 18th Annual,ENSEMBLE IN A COMEDY SERIES,MINDY KALING,THE OFFICE,False,
2012, 18th Annual,ENSEMBLE IN A COMEDY SERIES,OSCAR NU??EZ,THE OFFICE,False,
2012, 18th Annual,ENSEMBLE IN A COMEDY SERIES,PAUL LIEBERSTEIN,THE OFFICE,False,
2012, 18th Annual,ENSEMBLE IN A COMEDY SERIES,PHYLLIS SMITH,THE OFFICE,False,
2012, 18th Annual,ENSEMBLE IN A COMEDY SERIES,RAINN WILSON,THE OFFICE,False,
2012, 18th Annual,ENSEMBLE IN A COMEDY SERIES,STEVE CARELL,THE OFFICE,False,
2012, 18th Annual,ENSEMBLE IN A COMEDY SERIES,ZACH WOODS,THE OFFICE,False,
2012, 18th Annual,ENSEMBLE IN A DRAMA SERIES,,BOARDWALK EMPIRE,True,
2012, 18th Annual,ENSEMBLE IN A DRAMA SERIES,ALEKSA PALLADINO,BOARDWALK EMPIRE,True,
2012, 18th Annual,ENSEMBLE IN A DRAMA SERIES,ANATOL YUSEF,BOARDWALK EMPIRE,True,
2012, 18th Annual,ENSEMBLE IN A DRAMA SERIES,ANTHONY LACIURA,BOARDWALK EMPIRE,True,
2012, 18th Annual,ENSEMBLE IN A DRAMA SERIES,BRADY & CONNOR NOON,BOARDWALK EMPIRE,True,
2012, 18th Annual,ENSEMBLE IN A DRAMA SERIES,CHARLIE COX,BOARDWALK EMPIRE,True,
2012, 18th Annual,ENSEMBLE IN A DRAMA SERIES,DABNEY COLEMAN,BOARDWALK EMPIRE,True,
2012, 18th Annual,ENSEMBLE IN A DRAMA SERIES,DOMINIC CHIANESE,BOARDWALK EMPIRE,True,
2012, 18th Annual,ENSEMBLE IN A DRAMA SERIES,GRETCHEN MOL,BOARDWALK EMPIRE,True,
2012, 18th Annual,ENSEMBLE IN A DRAMA SERIES,HEATHER LIND,BOARDWALK EMPIRE,True,
2012, 18th Annual,ENSEMBLE IN A DRAMA SERIES,JACK HUSTON,BOARDWALK EMPIRE,True,
2012, 18th Annual,ENSEMBLE IN A DRAMA SERIES,JACQUELINE PENNEWILL,BOARDWALK EMPIRE,True,
2012, 18th Annual,ENSEMBLE IN A DRAMA SERIES,JOSIE & LUCY GALLINA,BOARDWALK EMPIRE,True,
2012, 18th Annual,ENSEMBLE IN A DRAMA SERIES,KELLY MACDONALD,BOARDWALK EMPIRE,True,
2012, 18th Annual,ENSEMBLE IN A DRAMA SERIES,KEVIN O'ROURKE,BOARDWALK EMPIRE,True,
2012, 18th Annual,ENSEMBLE IN A DRAMA SERIES,MICHAEL KENNETH WILLIAMS,BOARDWALK EMPIRE,True,
2012, 18th Annual,ENSEMBLE IN A DRAMA SERIES,MICHAEL PITT,BOARDWALK EMPIRE,True,
2012, 18th Annual,ENSEMBLE IN A DRAMA SERIES,MICHAEL SHANNON,BOARDWALK EMPIRE,True,
2012, 18th Annual,ENSEMBLE IN A DRAMA SERIES,MICHAEL STUHLBARG,BOARDWALK EMPIRE,True,
2012, 18th Annual,ENSEMBLE IN A DRAMA SERIES,PAUL SPARKS,BOARDWALK EMPIRE,True,
2012, 18th Annual,ENSEMBLE IN A DRAMA SERIES,PETER VAN WAGNER,BOARDWALK EMPIRE,True,
2012, 18th Annual,ENSEMBLE IN A DRAMA SERIES,ROBERT CLOHESSY,BOARDWALK EMPIRE,True,
2012, 18th Annual,ENSEMBLE IN A DRAMA SERIES,RORY & DECLAN MCTIGUE,BOARDWALK EMPIRE,True,
2012, 18th Annual,ENSEMBLE IN A DRAMA SERIES,SHEA WHIGHAM,BOARDWALK EMPIRE,True,
2012, 18th Annual,ENSEMBLE IN A DRAMA SERIES,STEPHEN GRAHAM,BOARDWALK EMPIRE,True,
2012, 18th Annual,ENSEMBLE IN A DRAMA SERIES,STEVE BUSCEMI,BOARDWALK EMPIRE,True,
2012, 18th Annual,ENSEMBLE IN A DRAMA SERIES,VINCENT PIAZZA,BOARDWALK EMPIRE,True,
2012, 18th Annual,ENSEMBLE IN A DRAMA SERIES,,BREAKING BAD,False,
2012, 18th Annual,ENSEMBLE IN A DRAMA SERIES,AARON PAUL,BREAKING BAD,False,
2012, 18th Annual,ENSEMBLE IN A DRAMA SERIES,ANNA GUNN,BREAKING BAD,False,
2012, 18th Annual,ENSEMBLE IN A DRAMA SERIES,BETSY BRANDT,BREAKING BAD,False,
2012, 18th Annual,ENSEMBLE IN A DRAMA SERIES,BOB ODENKIRK,BREAKING BAD,False,
2012, 18th Annual,ENSEMBLE IN A DRAMA SERIES,BRYAN CRANSTON,BREAKING BAD,False,
2012, 18th Annual,ENSEMBLE IN A DRAMA SERIES,DEAN NORRIS,BREAKING BAD,False,
2012, 18th Annual,ENSEMBLE IN A DRAMA SERIES,GIANCARLO ESPOSITO,BREAKING BAD,False,
2012, 18th Annual,ENSEMBLE IN A DRAMA SERIES,JONATHAN BANKS,BREAKING BAD,False,
2012, 18th Annual,ENSEMBLE IN A DRAMA SERIES,RAY CAMPBELL,BREAKING BAD,False,
2012, 18th Annual,ENSEMBLE IN A DRAMA SERIES,RJ MITTE,BREAKING BAD,False,
2012, 18th Annual,ENSEMBLE IN A DRAMA SERIES,,DEXTER,False,
2012, 18th Annual,ENSEMBLE IN A DRAMA SERIES,AIMEE GARCIA,DEXTER,False,
2012, 18th Annual,ENSEMBLE IN A DRAMA SERIES,BILLY BROWN,DEXTER,False,
2012, 18th Annual,ENSEMBLE IN A DRAMA SERIES,C.S. LEE,DEXTER,False,
2012, 18th Annual,ENSEMBLE IN A DRAMA SERIES,COLIN HANKS,DEXTER,False,
2012, 18th Annual,ENSEMBLE IN A DRAMA SERIES,DAVID ZAYAS,DEXTER,False,
2012, 18th Annual,ENSEMBLE IN A DRAMA SERIES,DESMOND HARRINGTON,DEXTER,False,
2012, 18th Annual,ENSEMBLE IN A DRAMA SERIES,EDWARD JAMES OLMOS,DEXTER,False,
2012, 18th Annual,ENSEMBLE IN A DRAMA SERIES,JAMES REMAR,DEXTER,False,
2012, 18th Annual,ENSEMBLE IN A DRAMA SERIES,JENNIFER CARPENTER,DEXTER,False,
2012, 18th Annual,ENSEMBLE IN A DRAMA SERIES,JOSH COOKE,DEXTER,False,
2012, 18th Annual,ENSEMBLE IN A DRAMA SERIES,LAUREN VELEZ,DEXTER,False,
2012, 18th Annual,ENSEMBLE IN A DRAMA SERIES,MICHAEL C. HALL,DEXTER,False,
2012, 18th Annual,ENSEMBLE IN A DRAMA SERIES,RYA KIHLSTEDT,DEXTER,False,
2012, 18th Annual,ENSEMBLE IN A DRAMA SERIES,,GAME OF THRONES,False,
2012, 18th Annual,ENSEMBLE IN A DRAMA SERIES,AIDEN GILLEN,GAME OF THRONES,False,
2012, 18th Annual,ENSEMBLE IN A DRAMA SERIES,ALFIE ALLEN,GAME OF THRONES,False,
2012, 18th Annual,ENSEMBLE IN A DRAMA SERIES,AMRITA ACHARIA,GAME OF THRONES,False,
2012, 18th Annual,ENSEMBLE IN A DRAMA SERIES,CONLETH HILL,GAME OF THRONES,False,
2012, 18th Annual,ENSEMBLE IN A DRAMA SERIES,DAR SALIM,GAME OF THRONES,False,
2012, 18th Annual,ENSEMBLE IN A DRAMA SERIES,DONALD SUMPTER,GAME OF THRONES,False,
2012, 18th Annual,ENSEMBLE IN A DRAMA SERIES,ELYES GABEL,GAME OF THRONES,False,
2012, 18th Annual,ENSEMBLE IN A DRAMA SERIES,EMILIA CLARKE,GAME OF THRONES,False,
2012, 18th Annual,ENSEMBLE IN A DRAMA SERIES,IAIN GLEN,GAME OF THRONES,False,
2012, 18th Annual,ENSEMBLE IN A DRAMA SERIES,IAN MCELHINNEY,GAME OF THRONES,False,
2012, 18th Annual,ENSEMBLE IN A DRAMA SERIES,ISAAC HEMPSTEAD-WRIGHT,GAME OF THRONES,False,
2012, 18th Annual,ENSEMBLE IN A DRAMA SERIES,JACK GLEESON,GAME OF THRONES,False,
2012, 18th Annual,ENSEMBLE IN A DRAMA SERIES,JASON MOMOA,GAME OF THRONES,False,
2012, 18th Annual,ENSEMBLE IN A DRAMA SERIES,JEROME FLYNN,GAME OF THRONES,False,
2012, 18th Annual,ENSEMBLE IN A DRAMA SERIES,JOSEF ALTIN,GAME OF THRONES,False,
2012, 18th Annual,ENSEMBLE IN A DRAMA SERIES,JULIAN GLOVER,GAME OF THRONES,False,
2012, 18th Annual,ENSEMBLE IN A DRAMA SERIES,KIT HARRINGTON,GAME OF THRONES,False,
2012, 18th Annual,ENSEMBLE IN A DRAMA SERIES,LENA HEADEY,GAME OF THRONES,False,
2012, 18th Annual,ENSEMBLE IN A DRAMA SERIES,LUKE MCEWAN,GAME OF THRONES,False,
2012, 18th Annual,ENSEMBLE IN A DRAMA SERIES,MAISIE WILLIAMS,GAME OF THRONES,False,
2012, 18th Annual,ENSEMBLE IN A DRAMA SERIES,MARK ADDY,GAME OF THRONES,False,
2012, 18th Annual,ENSEMBLE IN A DRAMA SERIES,MARK STANLEY,GAME OF THRONES,False,
2012, 18th Annual,ENSEMBLE IN A DRAMA SERIES,MICHELLE FAIRLEY,GAME OF THRONES,False,
2012, 18th Annual,ENSEMBLE IN A DRAMA SERIES,NIKOLAJ COSTER-WALDAU,GAME OF THRONES,False,
2012, 18th Annual,ENSEMBLE IN A DRAMA SERIES,PETER DINKLAGE,GAME OF THRONES,False,
2012, 18th Annual,ENSEMBLE IN A DRAMA SERIES,RICHARD MADDEN,GAME OF THRONES,False,
2012, 18th Annual,ENSEMBLE IN A DRAMA SERIES,RON DONACHIE,GAME OF THRONES,False,
2012, 18th Annual,ENSEMBLE IN A DRAMA SERIES,RORY MCCANN,GAME OF THRONES,False,
2012, 18th Annual,ENSEMBLE IN A DRAMA SERIES,ROXANNE MCKEE,GAME OF THRONES,False,
2012, 18th Annual,ENSEMBLE IN A DRAMA SERIES,SEAN BEAN,GAME OF THRONES,False,
2012, 18th Annual,ENSEMBLE IN A DRAMA SERIES,SOPHIE TURNER,GAME OF THRONES,False,
2012, 18th Annual,ENSEMBLE IN A DRAMA SERIES,SUSAN BROWN,GAME OF THRONES,False,
2012, 18th Annual,ENSEMBLE IN A DRAMA SERIES,,THE GOOD WIFE,False,
2012, 18th Annual,ENSEMBLE IN A DRAMA SERIES,ALAN CUMMING,THE GOOD WIFE,False,
2012, 18th Annual,ENSEMBLE IN A DRAMA SERIES,ARCHIE PANJABI,THE GOOD WIFE,False,
2012, 18th Annual,ENSEMBLE IN A DRAMA SERIES,CHRISTINE BARANSKI,THE GOOD WIFE,False,
2012, 18th Annual,ENSEMBLE IN A DRAMA SERIES,CHRISTOPHER NOTH,THE GOOD WIFE,False,
2012, 18th Annual,ENSEMBLE IN A DRAMA SERIES,GRAHAM PHILLIPS,THE GOOD WIFE,False,
2012, 18th Annual,ENSEMBLE IN A DRAMA SERIES,JOSH CHARLES,THE GOOD WIFE,False,
2012, 18th Annual,ENSEMBLE IN A DRAMA SERIES,JULIANNA MARGULIES,THE GOOD WIFE,False,
2012, 18th Annual,ENSEMBLE IN A DRAMA SERIES,MAKENZIE VEGA,THE GOOD WIFE,False,
2012, 18th Annual,ENSEMBLE IN A DRAMA SERIES,MATT CZUCHRY,THE GOOD WIFE,False,
2012, 18th Annual,FEMALE COMEDY SERIES,TINA FEY,30 ROCK,False,
2012, 18th Annual,FEMALE COMEDY SERIES,BETTY WHITE,HOT IN CLEVELAND,True,
2012, 18th Annual,FEMALE COMEDY SERIES,JULIE BOWEN,MODERN FAMILY,False,
2012, 18th Annual,FEMALE COMEDY SERIES,SOFIA VERGARA,MODERN FAMILY,False,
2012, 18th Annual,FEMALE COMEDY SERIES,EDIE FALCO,NURSE JACKIE,False,
2012, 18th Annual,FEMALE DRAMA SERIES,JESSICA LANGE,AMERICAN HORROR STORY,True,
2012, 18th Annual,FEMALE DRAMA SERIES,GLENN CLOSE,DAMAGES,False,
2012, 18th Annual,FEMALE DRAMA SERIES,KATHY BATES,HARRY'S LAW,False,
2012, 18th Annual,FEMALE DRAMA SERIES,KYRA SEDGWICK,THE CLOSER,False,
2012, 18th Annual,FEMALE DRAMA SERIES,JULIANNA MARGULIES,THE GOOD WIFE,False,
2012, 18th Annual,FEMALE LEAD ROLE,GLENN CLOSE,ALBERT NOBBS,False,
2012, 18th Annual,FEMALE LEAD ROLE,MICHELLE WILLIAMS,MY WEEK WITH MARILYN,False,
2012, 18th Annual,FEMALE LEAD ROLE,VIOLA DAVIS,THE HELP,True,
2012, 18th Annual,FEMALE LEAD ROLE,MERYL STREEP,THE IRON LADY,False,
2012, 18th Annual,FEMALE LEAD ROLE,TILDA SWINTON,WE NEED TO TALK ABOUT KEVIN,False,
2012, 18th Annual,FEMALE SUPPORTING ROLE,JANET MCTEER,ALBERT NOBBS,False,
2012, 18th Annual,FEMALE SUPPORTING ROLE,MELISSA MCCARTHY,BRIDESMAIDS,False,
2012, 18th Annual,FEMALE SUPPORTING ROLE,B??R??NICE BEJO,THE ARTIST,False,
2012, 18th Annual,FEMALE SUPPORTING ROLE,JESSICA CHASTAIN,THE HELP,False,
2012, 18th Annual,FEMALE SUPPORTING ROLE,OCTAVIA SPENCER,THE HELP,True,
2012, 18th Annual,FEMALE TV MOVIE OR MINISERIES,EMILY WATSON,APPROPRIATE ADULT,False,
2012, 18th Annual,FEMALE TV MOVIE OR MINISERIES,DIANE LANE,CINEMA VERITE,False,
2012, 18th Annual,FEMALE TV MOVIE OR MINISERIES,MAGGIE SMITH,DOWNTON ABBEY,False,
2012, 18th Annual,FEMALE TV MOVIE OR MINISERIES,BETTY WHITE,HALLMARK HALL OF FAME: THE LOST VALENTINE,False,
2012, 18th Annual,FEMALE TV MOVIE OR MINISERIES,KATE WINSLET,MILDRED PIERCE,True,
2012, 18th Annual,LIFE ACHIEVEMENT,MARY TYLER MOORE,N/A,True,
2012, 18th Annual,MALE COMEDY SERIES,ALEC BALDWIN,30 ROCK,True,
2012, 18th Annual,MALE COMEDY SERIES,ERIC STONESTREET,MODERN FAMILY,False,
2012, 18th Annual,MALE COMEDY SERIES,TY BURRELL,MODERN FAMILY,False,
2012, 18th Annual,MALE COMEDY SERIES,STEVE CARELL,THE OFFICE,False,
2012, 18th Annual,MALE COMEDY SERIES,JON CRYER,TWO AND A HALF MEN,False,
2012, 18th Annual,MALE DRAMA SERIES,STEVE BUSCEMI,BOARDWALK EMPIRE,True,
2012, 18th Annual,MALE DRAMA SERIES,BRYAN CRANSTON,BREAKING BAD,False,
2012, 18th Annual,MALE DRAMA SERIES,MICHAEL C. HALL,DEXTER,False,
2012, 18th Annual,MALE DRAMA SERIES,KYLE CHANDLER,FRIDAY NIGHT LIGHTS,False,
2012, 18th Annual,MALE DRAMA SERIES,PATRICK J. ADAMS,SUITS,False,
2012, 18th Annual,MALE LEAD ROLE,DEMIAN BICHIR,A BETTER LIFE,False,
2012, 18th Annual,MALE LEAD ROLE,LEONARDO DICAPRIO,J. EDGAR,False,
2012, 18th Annual,MALE LEAD ROLE,BRAD PITT,MONEYBALL,False,
2012, 18th Annual,MALE LEAD ROLE,JEAN DUJARDIN,THE ARTIST,True,
2012, 18th Annual,MALE LEAD ROLE,GEORGE CLOONEY,THE DESCENDANTS,False,
2012, 18th Annual,MALE SUPPORTING ROLE,CHRISTOPHER PLUMMER,BEGINNERS,True,
2012, 18th Annual,MALE SUPPORTING ROLE,ARMIE HAMMER,J. EDGAR,False,
2012, 18th Annual,MALE SUPPORTING ROLE,JONAH HILL,MONEYBALL,False,
2012, 18th Annual,MALE SUPPORTING ROLE,KENNETH BRANAGH,MY WEEK WITH MARILYN,False,
2012, 18th Annual,MALE SUPPORTING ROLE,NICK NOLTE,WARRIOR,False,
2012, 18th Annual,MALE TV MOVIE OR MINISERIES,GUY PEARCE,MILDRED PIERCE,False,
2012, 18th Annual,MALE TV MOVIE OR MINISERIES,GREG KINNEAR,THE KENNEDYS,False,
2012, 18th Annual,MALE TV MOVIE OR MINISERIES,LAURENCE FISHBURNE,THURGOOD,False,
2012, 18th Annual,MALE TV MOVIE OR MINISERIES,JAMES WOODS,TOO BIG TO FAIL,False,
2012, 18th Annual,MALE TV MOVIE OR MINISERIES,PAUL GIAMATTI,TOO BIG TO FAIL,True,
2012, 18th Annual,STUNT ENSEMBLE IN A MOTION PICTURE,,COWBOYS & ALIENS,False,
2012, 18th Annual,STUNT ENSEMBLE IN A MOTION PICTURE,,HARRY POTTER AND THE DEATHLY HALLOWS: PART 2,True,
2012, 18th Annual,STUNT ENSEMBLE IN A MOTION PICTURE,,THE ADJUSTMENT BUREAU,False,
2012, 18th Annual,STUNT ENSEMBLE IN A MOTION PICTURE,,TRANSFORMERS: DARKSIDE OF THE MOON,False,
2012, 18th Annual,STUNT ENSEMBLE IN A MOTION PICTURE,,X-MEN: FIRST CLASS,False,
2012, 18th Annual,STUNT ENSEMBLE IN A TELEVISION SERIES,,DEXTER,False,
2012, 18th Annual,STUNT ENSEMBLE IN A TELEVISION SERIES,,GAME OF THRONES,True,
2012, 18th Annual,STUNT ENSEMBLE IN A TELEVISION SERIES,,SOUTHLAND,False,
2012, 18th Annual,STUNT ENSEMBLE IN A TELEVISION SERIES,,SPARTACUS: GODS OF THE ARENA,False,
2012, 18th Annual,STUNT ENSEMBLE IN A TELEVISION SERIES,,TRUE BLOOD,False,

